Z-Score,Pi Cycle Oscilator,Cycle Master,Risk Model,,,MAX,MIN,,Std. Z-score,Std. Pi Cycle,Std. Master,Std. Risk Model,Indicator,,,,Date,BTC_Price,,,,,,,,,,,,,,,,,,,,
1.05,0.79,50,0,,Z-Score,7,-0.48,,20.45454545,75.86206897,50,0,0,,,,10/28/2012,10.6,,,,,,,,,,,,,,,,,,,,
0.96,0.78,50,2,,Pi Cycle,1,0.13,,19.2513369,74.71264368,50,2,36.46786525,,,,11/4/2012,10.9,,,,,,,,,,,,,,,,,,,,
1.22,0.77,50,2,,Master,100,0,,22.72727273,73.56321839,50,2,37.05982278,,,,11/11/2012,11.8,,,,,,,,,,,,,,,,,,,,
1.4,0.76,50,2,,Risk Model,100,0,,25.13368984,72.4137931,50,2,37.37007825,,,,11/18/2012,12.4,,,,,,,,,,,,,,,,,,,,
1.36,0.75,50,2,,,,,,24.59893048,71.26436782,50,2,36.92689503,,,,11/25/2012,12.6,,,,,,,,,,,,,,,,,,,,
1.51,0.74,50,2,,,,,,26.60427807,70.11494253,50,2,37.1463913,,,,12/2/2012,13.4,,,,,,,,,,,,,,,,,,,,
1.49,0.73,50,2,,,,,,26.3368984,68.96551724,50,2,36.76661192,,,,12/9/2012,13.5,,,,,,,,,,,,,,,,,,,,
1.44,0.73,50,2,,,,,,25.6684492,68.96551724,50,2,36.56606586,,,,12/16/2012,13.4,,,,,,,,,,,,,,,,,,,,
1.44,0.73,50,2,,,,,,25.6684492,68.96551724,50,2,36.53796004,,,,12/23/2012,13.4,,,,,,,,,,,,,,,,,,,,
1.34,0.72,50,1,,,,,,24.3315508,67.81609195,50,1,35.88914613,,,,12/30/2012,13.4,,,,,,,,,,,,,,,,,,,,
1.41,0.71,50,1,,,,,,25.26737968,66.66666667,50,1,35.84236437,,,,1/6/2013,14.2,,,,,,,,,,,,,,,,,,,,
1.78,0.71,50,2,,,,,,30.21390374,66.66666667,50,2,37.10971721,,,,1/13/2013,15.6,,,,,,,,,,,,,,,,,,,,
2.1,0.71,50,2,,,,,,34.49197861,66.66666667,50,2,38.24490051,,,,1/20/2013,17.9,,,,,,,,,,,,,,,,,,,,
2.51,0.71,50,2,,,,,,39.97326203,66.66666667,50,2,39.65515338,,,,1/27/2013,19.6,,,,,,,,,,,,,,,,,,,,
3.03,0.72,50,2,,,,,,46.92513369,67.81609195,50,2,41.80817372,,,,2/3/2013,23.6,,,,,,,,,,,,,,,,,,,,
3.38,0.74,75,3,,,,,,51.60427807,70.11494253,75,3,49.91108892,,,,2/10/2013,27.2,,,,,,,,,,,,,,,,,,,,
3.55,0.76,75,3,,,,,,53.87700535,72.4137931,75,3,51.12142224,,,,2/17/2013,29.8,,,,,,,,,,,,,,,,,,,,
3.92,0.78,75,4,,,,,,58.82352941,74.71264368,75,4,53.06829538,,,,2/24/2013,34.3,,,,,,,,,,,,,,,,,,,,
4.93,0.81,75,5,,,,,,72.32620321,78.16091954,75,5,57.72873631,,,,3/3/2013,46.8,,,,,,,,,,,,,,,,,,,,
4.53,0.85,75,5,,,,,,66.97860963,82.75862069,75,5,57.50981773,,,,3/10/2013,47,,,,,,,,,,,,,,,,,,,,0
6.2,0.89,100,8,,,,,,89.30481283,87.35632184,100,8,71.06447873,,,,3/17/2013,64.3,,,,,,,,,,,,,,,,,,,,
7,0.95,100,11,,,,,,100,94.25287356,100,11,76.38803194,,,,3/24/2013,92.2,,,,,,,,,,,,,,,,,,,,
7,1,100,18,,,,,,100,100,100,18,79.49490825,,,,3/31/2013,142.6,,,,,,,,,,,,,,,,,,,,
2.94,1,100,11,,,,,,45.72192513,100,100,11,64.16515098,,,,4/7/2013,93,,,,,,,,,,,,,,,,,,,,
4.02,1,75,15,,,,,,60.16042781,100,75,15,62.58712217,,,,4/14/2013,126.6,,,,,,,,,,,,,,,,,,,,
4.19,1,75,15,,,,,,62.43315508,100,75,15,63.12909098,,,,4/21/2013,128,,,,,,,,,,,,,,,,,,,,
3.1,1,75,13,,,,,,47.86096257,100,75,13,58.92597576,,,,4/28/2013,112.9,,,,,,,,,,,,,,,,,,,,
2.81,1,75,13,,,,,,43.98395722,100,75,13,57.9798501,,,,5/5/2013,115.6,,,,,,,,,,,,,,,,,,,,
2.74,1,75,14,,,,,,43.04812834,100,75,14,57.92182101,,,,5/12/2013,123.2,,,,,,,,,,,,,,,,,,,,
3.07,1,75,14,,,,,,47.45989305,100,75,14,59.23225247,,,,5/19/2013,132,,,,,,,,,,,,,,,,,,,,
2.62,1,75,14,,,,,,41.44385027,100,75,14,57.57785902,,,,5/26/2013,129.3,,,,,,,,,,,,,,,,,,,,
1.73,1,75,11,,,,,,29.54545455,100,75,11,53.89327289,,,,6/2/2013,107.9,,,,,,,,,,,,,,,,,,,,
1.67,1,75,10,,,,,,28.74331551,100,75,10,53.39704199,,,,6/9/2013,99.8,,,,,,,,,,,,,,,,,,,,
1.68,1,75,11,,,,,,28.87700535,100,75,11,53.62551787,,,,6/16/2013,108.2,,,,,,,,,,,,,,,,,,,,
1.3,1,75,9,,,,,,23.79679144,100,75,9,51.92112528,,,,6/23/2013,95,,,,,,,,,,,,,,,,,,,,
0.75,1,50,6,,,,,,16.44385027,100,50,6,43.06588214,,,,6/30/2013,69.7,,,,,,,,,,,,,,,,,,,,
1.31,1,50,9,,,,,,23.93048128,100,50,9,45.70369038,,,,7/7/2013,98.3,,,,,,,,,,,,,,,,,,,,
1.17,1,50,8,,,,,,22.05882353,100,50,8,44.9538137,,,,7/14/2013,89.8,,,,,,,,,,,,,,,,,,,,
1.36,1,50,8,,,,,,24.59893048,100,50,8,45.67153817,,,,7/21/2013,94.4,,,,,,,,,,,,,,,,,,,,
1.44,1,50,9,,,,,,25.6684492,100,50,9,46.17749746,,,,7/28/2013,104.9,,,,,,,,,,,,,,,,,,,,
1.35,0.99,50,9,,,,,,24.46524064,98.85057471,50,9,45.49190105,,,,8/4/2013,103,,,,,,,,,,,,,,,,,,,,
1.47,0.94,50,9,,,,,,26.06951872,93.10344828,50,9,44.66687016,,,,8/11/2013,112.8,,,,,,,,,,,,,,,,,,,,
1.84,0.9,50,10,,,,,,31.01604278,88.50574713,50,10,44.88098089,,,,8/18/2013,119.6,,,,,,,,,,,,,,,,,,,,
2.28,0.88,50,12,,,,,,36.89839572,86.20689655,50,12,46.27091247,,,,8/25/2013,141,,,,,,,,,,,,,,,,,,,,
1.86,0.85,50,11,,,,,,31.28342246,82.75862069,50,11,43.64724279,,,,9/1/2013,129,,,,,,,,,,,,,,,,,,,,
1.98,0.82,50,11,,,,,,32.88770053,79.31034483,50,11,43.32474948,,,,9/8/2013,136.7,,,,,,,,,,,,,,,,,,,,
1.86,0.8,50,11,,,,,,31.28342246,77.01149425,50,11,42.23909638,,,,9/15/2013,134.4,,,,,,,,,,,,,,,,,,,,
1.92,0.78,50,11,,,,,,32.0855615,74.71264368,50,11,42.00749983,,,,9/22/2013,142.5,,,,,,,,,,,,,,,,,,,,
1.76,0.77,50,10,,,,,,29.94652406,73.56321839,50,10,40.9936679,,,,9/29/2013,136.7,,,,,,,,,,,,,,,,,,,,
1.97,0.76,50,11,,,,,,32.7540107,72.4137931,50,11,41.50171117,,,,10/6/2013,142.9,,,,,,,,,,,,,,,,,,,,
2.75,0.75,75,14,,,,,,43.18181818,71.26436782,75,14,50.94578895,,,,10/13/2013,183.1,,,,,,,,,,,,,,,,,,,,
3.14,0.77,75,15,,,,,,48.39572193,73.56321839,75,15,52.88426053,,,,10/20/2013,188.6,,,,,,,,,,,,,,,,,,,,
3.31,0.77,75,16,,,,,,50.6684492,73.56321839,75,16,53.90499677,,,,10/27/2013,211.7,,,,,,,,,,,,,,,,,,,,
5.26,0.8,75,30,,,,,,76.73796791,77.01149425,75,30,64.66602912,,,,11/3/2013,367.8,,,,,,,,,,,,,,,,,,,,
7,0.84,100,38,,,,,,100,81.6091954,100,38,79.81769685,,,,11/10/2013,462,,,,,,,,,,,,,,,,,,,,
7,0.9,100,69,,,,,,100,88.50574713,100,69,89.36876814,,,,11/17/2013,832.5,,,,,,,,,,,,,,,,,,,,
7,0.99,100,100,,,,,,100,98.85057471,100,100,99.62137995,,,,11/24/2013,1205.7,,,,,,,,,,,,,,,,,,,,
4.64,1,100,56,,,,,,68.44919786,100,100,56,81.01606122,,,,12/1/2013,697,,,,,,,,,,,,,,,,,,,,
4.64,1,100,72,,,,,,68.44919786,100,100,72,85.18253244,,,,12/8/2013,908.9,,,,,,,,,,,,,,,,,,,,
2.62,1,75,49,,,,,,41.44385027,100,75,49,66.45329399,,,,12/15/2013,640.5,,,,,,,,,,,,,,,,,,,,
3.23,1,75,58,,,,,,49.59893048,100,75,58,70.74559124,,,,12/22/2013,762,,,,,,,,,,,,,,,,,,,,
4.15,1,75,70,,,,,,61.89839572,100,75,70,76.8250567,,,,12/29/2013,924.7,,,,,,,,,,,,,,,,,,,,
3.47,1,75,76,,,,,,52.80748663,100,75,76,75.8681174,,,,1/5/2014,1005.3,,,,,,,,,,,,,,,,,,,,
3.26,1,75,67,,,,,,50,100,75,67,72.9720918,,,,1/12/2014,905.7,,,,,,,,,,,,,,,,,,,,
2.94,1,75,70,,,,,,45.72192513,100,75,70,72.70691449,,,,1/19/2014,961,,,,,,,,,,,,,,,,,,,,
2.83,1,75,68,,,,,,44.2513369,100,75,68,71.6963991,,,,1/26/2014,940.4,,,,,,,,,,,,,,,,,,,,
2,1,75,45,,,,,,33.15508021,100,75,45,63.2873114,,,,2/2/2014,648.8,,,,,,,,,,,,,,,,,,,,
1.64,1,50,24,,,,,,28.34224599,100,50,24,50.60386776,,,,2/9/2014,371.1,,,,,,,,,,,,,,,,,,,,
1.54,1,50,15,,,,,,27.00534759,100,50,15,48.09538412,,,,2/16/2014,255.6,,,,,,,,,,,,,,,,,,,,
1.27,1,50,36,,,,,,23.39572193,100,50,36,52.47246962,,,,2/23/2014,557.4,,,,,,,,,,,,,,,,,,,,
1.58,0.13,50,40,,,,,,27.54010695,0,50,40,29.27234414,,,,3/2/2014,609.2,,,,,,,,,,,,,,,,,,,,
1.53,1,50,40,,,,,,26.87165775,100,50,40,54.20821806,,,,3/9/2014,624,,,,,,,,,,,,,,,,,,,,
1.14,1,50,35,,,,,,21.65775401,100,50,35,51.73612976,,,,3/16/2014,564.3,,,,,,,,,,,,,,,,,,,,
0.63,0.96,50,29,,,,,,14.83957219,95.40229885,50,29,47.28233533,,,,3/23/2014,477.1,,,,,,,,,,,,,,,,,,,,
0.64,0.9,50,27,,,,,,14.97326203,88.50574713,50,27,45.13687768,,,,3/30/2014,456.6,,,,,,,,,,,,,,,,,,,,
0.45,0.87,50,25,,,,,,12.43315508,85.05747126,50,25,43.22033727,,,,4/6/2014,437.6,,,,,,,,,,,,,,,,,,,,
0.85,0.83,25,29,,,,,,17.78074866,80.45977011,25,29,38.15442442,,,,4/13/2014,506,,,,,,,,,,,,,,,,,,,,
0.55,0.79,25,26,,,,,,13.77005348,75.86206897,25,26,35.12153963,,,,4/20/2014,457.9,,,,,,,,,,,,,,,,,,,,
0.55,0.75,50,24,,,,,,13.77005348,71.26436782,50,24,39.81452509,,,,4/27/2014,438.6,,,,,,,,,,,,,,,,,,,,
0.55,0.71,50,25,,,,,,13.77005348,66.66666667,50,25,38.77039608,,,,5/4/2014,451.9,,,,,,,,,,,,,,,,,,,,
0.59,0.67,50,24,,,,,,14.30481283,62.06896552,50,24,37.66685358,,,,5/11/2014,452.8,,,,,,,,,,,,,,,,,,,,
1.18,0.64,50,28,,,,,,22.19251337,58.62068966,50,28,39.69302309,,,,5/18/2014,520.5,,,,,,,,,,,,,,,,,,,,
1.4,0.61,50,34,,,,,,25.13368984,55.17241379,50,34,41.04415655,,,,5/25/2014,627.9,,,,,,,,,,,,,,,,,,,,
1.51,0.6,50,35,,,,,,26.60427807,54.02298851,50,35,41.33901282,,,,6/1/2014,651.7,,,,,,,,,,,,,,,,,,,,
1.12,0.6,50,30,,,,,,21.39037433,54.02298851,50,30,38.91515024,,,,6/8/2014,583.4,,,,,,,,,,,,,,,,,,,,
1.18,0.59,50,31,,,,,,22.19251337,52.87356322,50,31,38.9007699,,,,6/15/2014,597,,,,,,,,,,,,,,,,,,,,
1.16,0.57,50,30,,,,,,21.92513369,50.57471264,50,30,38.14572326,,,,6/22/2014,597.6,,,,,,,,,,,,,,,,,,,,
1.27,0.56,50,31,,,,,,23.39572193,49.42528736,50,31,38.45691114,,,,6/29/2014,623,,,,,,,,,,,,,,,,,,,,
1.26,0.54,50,31,,,,,,23.26203209,47.12643678,50,31,37.90119632,,,,7/6/2014,635.9,,,,,,,,,,,,,,,,,,,,
1.22,0.53,50,30,,,,,,22.72727273,45.97701149,50,30,37.23607549,,,,7/13/2014,627,,,,,,,,,,,,,,,,,,,,
1.06,0.53,50,28,,,,,,20.58823529,45.97701149,50,28,36.16878584,,,,7/20/2014,596,,,,,,,,,,,,,,,,,,,,
1.02,0.53,50,27,,,,,,20.05347594,45.97701149,50,27,35.86495886,,,,7/27/2014,591.7,,,,,,,,,,,,,,,,,,,,
1.02,0.53,50,27,,,,,,20.05347594,45.97701149,50,27,35.72498209,,,,8/3/2014,589.5,,,,,,,,,,,,,,,,,,,,
0.62,0.52,50,23,,,,,,14.70588235,44.82758621,50,23,33.13091055,,,,8/10/2014,522,,,,,,,,,,,,,,,,,,,,
0.66,0.52,25,21,,,,,,15.24064171,44.82758621,25,21,26.61251566,,,,8/17/2014,497.7,,,,,,,,,,,,,,,,,,,,
0.54,0.52,25,21,,,,,,13.63636364,44.82758621,25,21,26.22312811,,,,8/24/2014,506,,,,,,,,,,,,,,,,,,,,
0.53,0.51,25,20,,,,,,13.5026738,43.67816092,25,20,25.54787892,,,,8/31/2014,484.5,,,,,,,,,,,,,,,,,,,,
0.53,0.5,25,19,,,,,,13.5026738,42.52873563,25,19,25.09776455,,,,9/7/2014,478.2,,,,,,,,,,,,,,,,,,,,
0.21,0.49,25,16,,,,,,9.22459893,41.37931034,25,16,22.86214118,,,,9/14/2014,411.5,,,,,,,,,,,,,,,,,,,,
0.11,0.47,25,15,,,,,,7.887700535,39.08045977,25,15,21.73353466,,,,9/21/2014,399,,,,,,,,,,,,,,,,,,,,
-0.1,0.45,25,12,,,,,,5.080213904,36.7816092,25,12,19.64877574,,,,9/28/2014,335.3,,,,,,,,,,,,,,,,,,,,
0.17,0.44,25,13,,,,,,8.689839572,35.63218391,25,13,20.50075802,,,,10/5/2014,361.2,,,,,,,,,,,,,,,,,,,,
0.21,0.42,25,14,,,,,,9.22459893,33.33333333,25,14,20.33231929,,,,10/12/2014,390.9,,,,,,,,,,,,,,,,,,,,
0.06,0.41,25,12,,,,,,7.219251337,32.18390805,25,12,18.98550394,,,,10/19/2014,346.7,,,,,,,,,,,,,,,,,,,,
-0.06,0.4,25,10,,,,,,5.614973262,31.03448276,25,10,18.00436964,,,,10/26/2014,325.4,,,,,,,,,,,,,,,,,,,,
0.13,0.39,25,11,,,,,,8.155080214,29.88505747,25,11,18.49317441,,,,11/2/2014,343.5,,,,,,,,,,,,,,,,,,,,
0.23,0.38,25,12,,,,,,9.49197861,28.73563218,25,12,18.81879654,,,,11/9/2014,374.9,,,,,,,,,,,,,,,,,,,,
0.14,0.38,25,11,,,,,,8.288770053,28.73563218,25,11,18.21568312,,,,11/16/2014,352,,,,,,,,,,,,,,,,,,,,
0.2,0.38,25,12,,,,,,9.090909091,28.73563218,25,12,18.6123606,,,,11/23/2014,376.3,,,,,,,,,,,,,,,,,,,,
0.2,0.37,25,11,,,,,,9.090909091,27.5862069,25,11,18.26552112,,,,11/30/2014,376.3,,,,,,,,,,,,,,,,,,,,
0.12,0.37,25,10,,,,,,8.021390374,27.5862069,25,10,17.65455151,,,,12/7/2014,348.2,,,,,,,,,,,,,,,,,,,,
-0.02,0.36,25,9,,,,,,6.14973262,26.43678161,25,9,16.66692483,,,,12/14/2014,330.4,,,,,,,,,,,,,,,,,,,,
-0.02,0.36,25,8,,,,,,6.14973262,26.43678161,25,8,16.46653922,,,,12/21/2014,315.3,,,,,,,,,,,,,,,,,,,,
-0.25,0.36,0,7,,,,,,3.07486631,26.43678161,0,7,9.124341529,,,,12/28/2014,287.1,,,,,,,,,,,,,,,,,,,,
-0.24,0.36,0,6,,,,,,3.20855615,26.43678161,0,6,8.981424131,,,,1/4/2015,273.4,,,,,,,,,,,,,,,,,,,,
-0.46,0.35,0,3,,,,,,0.267379679,25.28735632,0,3,7.216219212,,,,1/11/2015,199.6,,,,,,,,,,,,,,,,,,,,
-0.24,0.35,0,5,,,,,,3.20855615,25.28735632,0,5,8.373707212,,,,1/18/2015,248.2,,,,,,,,,,,,,,,,,,,,
-0.35,0.35,0,4,,,,,,1.737967914,25.28735632,0,4,7.693158089,,,,1/25/2015,218.5,,,,,,,,,,,,,,,,,,,,
-0.37,0.35,0,4,,,,,,1.470588235,25.28735632,0,4,7.675720606,,,,2/1/2015,227.7,,,,,,,,,,,,,,,,,,,,
-0.31,0.34,0,5,,,,,,2.272727273,24.13793103,0,5,7.831784112,,,,2/8/2015,258.6,,,,,,,,,,,,,,,,,,,,
-0.3,0.34,0,4,,,,,,2.406417112,24.13793103,0,4,7.700519251,,,,2/15/2015,244.4,,,,,,,,,,,,,,,,,,,,
-0.2,0.34,0,4,,,,,,3.743315508,24.13793103,0,4,8.083303668,,,,2/22/2015,254.1,,,,,,,,,,,,,,,,,,,,
-0.12,0.34,0,5,,,,,,4.812834225,24.13793103,0,5,8.493483682,,,,3/1/2015,274.9,,,,,,,,,,,,,,,,,,,,
-0.06,0.34,0,5,,,,,,5.614973262,24.13793103,0,5,8.712065213,,,,3/8/2015,281.6,,,,,,,,,,,,,,,,,,,,
-0.15,0.33,0,4,,,,,,4.411764706,22.98850575,0,4,7.899653873,,,,3/15/2015,259.7,,,,,,,,,,,,,,,,,,,,
-0.26,0.33,0,4,,,,,,2.941176471,22.98850575,0,4,7.431130737,,,,3/22/2015,252,,,,,,,,,,,,,,,,,,,,
-0.17,0.32,0,4,,,,,,4.144385027,21.83908046,0,4,7.416388626,,,,3/29/2015,252.9,,,,,,,,,,,,,,,,,,,,
-0.28,0.32,0,3,,,,,,2.673796791,21.83908046,0,3,6.880332608,,,,4/5/2015,236.5,,,,,,,,,,,,,,,,,,,,
-0.33,0.32,0,2,,,,,,2.005347594,21.83908046,0,2,6.574980245,,,,4/12/2015,223.4,,,,,,,,,,,,,,,,,,,,
-0.34,0.31,0,2,,,,,,1.871657754,20.68965517,0,2,6.243892314,,,,4/19/2015,226.1,,,,,,,,,,,,,,,,,,,,
-0.25,0.31,0,3,,,,,,3.07486631,20.68965517,0,3,6.584872959,,,,4/26/2015,235.3,,,,,,,,,,,,,,,,,,,,
-0.25,0.31,0,3,,,,,,3.07486631,20.68965517,0,3,6.599611038,,,,5/3/2015,241.4,,,,,,,,,,,,,,,,,,,,
-0.26,0.32,0,2,,,,,,2.941176471,21.83908046,0,2,6.781374244,,,,5/10/2015,236.2,,,,,,,,,,,,,,,,,,,,
-0.24,0.32,0,2,,,,,,3.20855615,21.83908046,0,2,6.836708745,,,,5/17/2015,238.9,,,,,,,,,,,,,,,,,,,,
-0.29,0.33,0,2,,,,,,2.540106952,22.98850575,0,2,6.882879274,,,,5/24/2015,233.2,,,,,,,,,,,,,,,,,,,,
-0.31,0.34,0,2,,,,,,2.272727273,24.13793103,0,2,7.010143018,,,,5/31/2015,224.7,,,,,,,,,,,,,,,,,,,,
-0.27,0.34,0,2,,,,,,2.807486631,24.13793103,0,2,7.170346206,,,,6/7/2015,232.5,,,,,,,,,,,,,,,,,,,,
-0.21,0.35,0,2,,,,,,3.609625668,25.28735632,0,2,7.717167304,,,,6/14/2015,245,,,,,,,,,,,,,,,,,,,,
-0.19,0.36,0,2,,,,,,3.877005348,26.43678161,0,2,8.080347078,,,,6/21/2015,250.7,,,,,,,,,,,,,,,,,,,,
-0.07,0.36,0,2,,,,,,5.481283422,26.43678161,0,2,8.518227855,,,,6/28/2015,260.5,,,,,,,,,,,,,,,,,,,,
0.12,0.37,0,3,,,,,,8.021390374,27.5862069,0,3,9.625313446,,,,7/5/2015,292,,,,,,,,,,,,,,,,,,,,
-0.06,0.38,0,2,,,,,,5.614973262,28.73563218,0,2,9.154284828,,,,7/12/2015,274,,,,,,,,,,,,,,,,,,,,
0.03,0.39,0,3,,,,,,6.818181818,29.88505747,0,3,9.808472908,,,,7/19/2015,288.7,,,,,,,,,,,,,,,,,,,,
-0.02,0.4,0,2,,,,,,6.14973262,31.03448276,0,2,9.840795851,,,,7/26/2015,280.5,,,,,,,,,,,,,,,,,,,,
-0.09,0.41,0,1,,,,,,5.213903743,32.18390805,0,1,9.718211027,,,,8/2/2015,258.6,,,,,,,,,,,,,,,,,,,,
-0.13,0.42,0,1,,,,,,4.679144385,33.33333333,0,1,9.853610996,,,,8/9/2015,260.5,,,,,,,,,,,,,,,,,,,,
-0.27,0.43,0,0,,,,,,2.807486631,34.48275862,0,0,9.444578688,,,,8/16/2015,229.5,,,,,,,,,,,,,,,,,,,,
-0.25,0.44,0,0,,,,,,3.07486631,35.63218391,0,0,9.764686884,,,,8/23/2015,228.5,,,,,,,,,,,,,,,,,,,,
-0.19,0.44,0,0,,,,,,3.877005348,35.63218391,0,0,9.970136974,,,,8/30/2015,233.7,,,,,,,,,,,,,,,,,,,,
-0.25,0.45,0,0,,,,,,3.07486631,36.7816092,0,0,10.04097293,,,,9/6/2015,235.6,,,,,,,,,,,,,,,,,,,,
-0.24,0.45,0,0,,,,,,3.20855615,36.7816092,0,0,10.01940523,,,,9/13/2015,231.1,,,,,,,,,,,,,,,,,,,,
-0.23,0.46,0,0,,,,,,3.342245989,37.93103448,0,0,10.33233147,,,,9/20/2015,234.3,,,,,,,,,,,,,,,,,,,,
-0.19,0.46,0,0,,,,,,3.877005348,37.93103448,0,0,10.46443291,,,,9/27/2015,238.6,,,,,,,,,,,,,,,,,,,,
-0.15,0.47,0,0,,,,,,4.411764706,39.08045977,0,0,10.8981372,,,,10/4/2015,245.4,,,,,,,,,,,,,,,,,,,,
-0.07,0.47,0,1,,,,,,5.481283422,39.08045977,0,1,11.27824762,,,,10/11/2015,269.6,,,,,,,,,,,,,,,,,,,,
0.05,0.48,0,1,,,,,,7.085561497,40.22988506,0,1,12.0121246,,,,10/18/2015,282.6,,,,,,,,,,,,,,,,,,,,
0.24,0.48,25,1,,,,,,9.625668449,40.22988506,25,1,19.02930213,,,,10/25/2015,311.2,,,,,,,,,,,,,,,,,,,,
0.43,0.49,25,3,,,,,,12.1657754,41.37931034,25,3,20.3334409,,,,11/1/2015,385.1,,,,,,,,,,,,,,,,,,,,
0.17,0.5,25,1,,,,,,8.689839572,42.52873563,25,1,19.42141908,,,,11/8/2015,331.8,,,,,,,,,,,,,,,,,,,,
0.19,0.51,25,1,,,,,,8.957219251,43.67816092,25,1,19.70468717,,,,11/15/2015,324.7,,,,,,,,,,,,,,,,,,,,
0.41,0.51,25,2,,,,,,11.89839572,43.67816092,25,2,20.57627187,,,,11/22/2015,355.8,,,,,,,,,,,,,,,,,,,,
0.5,0.52,25,2,,,,,,13.10160428,44.82758621,25,2,21.2959605,,,,11/29/2015,386.7,,,,,,,,,,,,,,,,,,,,
0.72,0.53,25,3,,,,,,16.04278075,45.97701149,25,3,22.52398813,,,,12/6/2015,432.3,,,,,,,,,,,,,,,,,,,,
0.74,0.55,25,4,,,,,,16.31016043,48.27586207,25,4,23.27865975,,,,12/13/2015,461.2,,,,,,,,,,,,,,,,,,,,
0.63,0.58,25,2,,,,,,14.83957219,51.72413793,25,2,23.49867125,,,,12/20/2015,415.4,,,,,,,,,,,,,,,,,,,,
0.67,0.59,25,3,,,,,,15.37433155,52.87356322,25,3,23.97712136,,,,12/27/2015,433.7,,,,,,,,,,,,,,,,,,,,
0.75,0.61,25,3,,,,,,16.44385027,55.17241379,25,3,24.85617107,,,,1/3/2016,448.3,,,,,,,,,,,,,,,,,,,,
0.39,0.62,25,1,,,,,,11.63101604,56.32183908,25,1,23.58888784,,,,1/10/2016,385,,,,,,,,,,,,,,,,,,,,
0.52,0.63,25,1,,,,,,13.36898396,57.47126437,25,1,24.29542188,,,,1/17/2016,388.6,,,,,,,,,,,,,,,,,,,,
0.34,0.64,25,1,,,,,,10.96256684,58.62068966,25,1,23.89582474,,,,1/24/2016,377.8,,,,,,,,,,,,,,,,,,,,
0.39,0.65,25,1,,,,,,11.63101604,59.77011494,25,1,24.31296234,,,,1/31/2016,376.7,,,,,,,,,,,,,,,,,,,,
0.54,0.66,25,1,,,,,,13.63636364,60.91954023,25,1,25.13348153,,,,2/7/2016,390.1,,,,,,,,,,,,,,,,,,,,
0.7,0.66,25,2,,,,,,15.77540107,60.91954023,25,2,25.87049238,,,,2/14/2016,440.1,,,,,,,,,,,,,,,,,,,,
0.65,0.67,25,1,,,,,,15.10695187,62.06896552,25,1,25.91531801,,,,2/21/2016,431.3,,,,,,,,,,,,,,,,,,,,
0.51,0.66,25,1,,,,,,13.23529412,60.91954023,25,1,24.97814163,,,,2/28/2016,399,,,,,,,,,,,,,,,,,,,,
0.55,0.67,25,1,,,,,,13.77005348,62.06896552,25,1,25.41893136,,,,3/6/2016,410.4,,,,,,,,,,,,,,,,,,,,
0.54,0.67,25,1,,,,,,13.63636364,62.06896552,25,1,25.34564741,,,,3/13/2016,408.7,,,,,,,,,,,,,,,,,,,,
0.6,0.67,25,1,,,,,,14.43850267,62.06896552,25,1,25.5488289,,,,3/20/2016,416.5,,,,,,,,,,,,,,,,,,,,
0.57,0.66,25,1,,,,,,14.03743316,60.91954023,25,1,25.13792193,,,,3/27/2016,418.5,,,,,,,,,,,,,,,,,,,,
0.57,0.65,25,0,,,,,,14.03743316,59.77011494,25,0,24.81650965,,,,4/3/2016,418,,,,,,,,,,,,,,,,,,,,
0.61,0.64,25,1,,,,,,14.57219251,58.62068966,25,1,24.68261479,,,,4/10/2016,430,,,,,,,,,,,,,,,,,,,,
0.77,0.64,25,1,,,,,,16.71122995,58.62068966,25,1,25.27054691,,,,4/17/2016,450.1,,,,,,,,,,,,,,,,,,,,
0.72,0.63,25,1,,,,,,16.04278075,57.47126437,25,1,24.77673248,,,,4/24/2016,448.5,,,,,,,,,,,,,,,,,,,,
0.75,0.62,25,1,,,,,,16.44385027,56.32183908,25,1,24.59874319,,,,5/1/2016,458.5,,,,,,,,,,,,,,,,,,,,
0.74,0.62,25,0,,,,,,16.31016043,56.32183908,25,0,24.52419828,,,,5/8/2016,456.4,,,,,,,,,,,,,,,,,,,,
0.63,0.62,25,0,,,,,,14.83957219,56.32183908,25,0,24.07252876,,,,5/15/2016,443.6,,,,,,,,,,,,,,,,,,,,
1.03,0.61,25,1,,,,,,20.18716578,55.17241379,25,1,25.41361471,,,,5/22/2016,524.2,,,,,,,,,,,,,,,,,,,,
1.26,0.61,25,2,,,,,,23.26203209,55.17241379,25,2,26.33707748,,,,5/29/2016,572,,,,,,,,,,,,,,,,,,,,
1.72,0.62,50,2,,,,,,29.41176471,56.32183908,50,2,34.45224009,,,,6/5/2016,591.6,,,,,,,,,,,,,,,,,,,,
2.11,0.62,50,4,,,,,,34.62566845,56.32183908,50,4,36.34751174,,,,6/12/2016,753.8,,,,,,,,,,,,,,,,,,,,
1.42,0.63,50,3,,,,,,25.40106952,57.47126437,50,3,33.93898237,,,,6/19/2016,663.5,,,,,,,,,,,,,,,,,,,,
1.55,0.64,50,3,,,,,,27.13903743,58.62068966,50,3,34.75272722,,,,6/26/2016,698.1,,,,,,,,,,,,,,,,,,,,
1.45,0.65,50,2,,,,,,25.80213904,59.77011494,50,2,34.491723,,,,7/3/2016,651.8,,,,,,,,,,,,,,,,,,,,
1.57,0.65,50,2,,,,,,27.40641711,59.77011494,50,2,34.88763473,,,,7/10/2016,660.7,,,,,,,,,,,,,,,,,,,,
1.45,0.66,50,2,,,,,,25.80213904,60.91954023,50,2,34.71550305,,,,7/17/2016,655.2,,,,,,,,,,,,,,,,,,,,
1.28,0.67,50,2,,,,,,23.52941176,62.06896552,50,2,34.39517718,,,,7/24/2016,654.7,,,,,,,,,,,,,,,,,,,,
1.12,0.67,25,1,,,,,,21.39037433,62.06896552,25,1,27.32796098,,,,7/31/2016,586.5,,,,,,,,,,,,,,,,,,,,
1.01,0.67,25,1,,,,,,19.9197861,62.06896552,25,1,26.91912255,,,,8/7/2016,584.6,,,,,,,,,,,,,,,,,,,,
1.04,0.67,25,1,,,,,,20.32085561,62.06896552,25,1,26.97825894,,,,8/14/2016,582.6,,,,,,,,,,,,,,,,,,,,
1.01,0.67,25,0,,,,,,19.9197861,62.06896552,25,0,26.80141976,,,,8/21/2016,570.3,,,,,,,,,,,,,,,,,,,,
1.18,0.67,25,0,,,,,,22.19251337,62.06896552,25,0,27.43471395,,,,8/28/2016,598.8,,,,,,,,,,,,,,,,,,,,
1.14,0.67,25,1,,,,,,21.65775401,62.06896552,25,1,27.35477957,,,,9/4/2016,624.5,,,,,,,,,,,,,,,,,,,,
1.15,0.67,25,0,,,,,,21.79144385,62.06896552,25,0,27.29503288,,,,9/11/2016,607.1,,,,,,,,,,,,,,,,,,,,
1.09,0.66,25,0,,,,,,20.98930481,60.91954023,25,0,26.75851272,,,,9/18/2016,602.6,,,,,,,,,,,,,,,,,,,,
1.12,0.66,25,0,,,,,,21.39037433,60.91954023,25,0,26.86124306,,,,9/25/2016,613.4,,,,,,,,,,,,,,,,,,,,
1.14,0.65,25,0,,,,,,21.65775401,59.77011494,25,0,26.62145846,,,,10/2/2016,617.7,,,,,,,,,,,,,,,,,,,,
1.24,0.63,25,0,,,,,,22.99465241,57.47126437,25,0,26.41016774,,,,10/9/2016,637,,,,,,,,,,,,,,,,,,,,
1.28,0.62,25,0,,,,,,23.52941176,56.32183908,25,0,26.28209499,,,,10/16/2016,655.5,,,,,,,,,,,,,,,,,,,,
1.47,0.61,25,1,,,,,,26.06951872,55.17241379,25,1,26.78427527,,,,10/23/2016,715,,,,,,,,,,,,,,,,,,,,
1.52,0.61,50,1,,,,,,26.73796791,55.17241379,50,1,33.12527932,,,,10/30/2016,702.1,,,,,,,,,,,,,,,,,,,,
1.45,0.6,50,0,,,,,,25.80213904,54.02298851,50,0,32.57582099,,,,11/6/2016,704.3,,,,,,,,,,,,,,,,,,,,
1.53,0.59,50,1,,,,,,26.87165775,52.87356322,50,1,32.65499344,,,,11/13/2016,747.9,,,,,,,,,,,,,,,,,,,,
1.51,0.59,50,1,,,,,,26.60427807,52.87356322,50,1,32.51031433,,,,11/20/2016,734.1,,,,,,,,,,,,,,,,,,,,
1.64,0.59,50,1,,,,,,28.34224599,52.87356322,50,1,33.00022062,,,,11/27/2016,764.2,,,,,,,,,,,,,,,,,,,,
1.62,0.6,50,1,,,,,,28.07486631,54.02298851,50,1,33.21410292,,,,12/4/2016,774,,,,,,,,,,,,,,,,,,,,
1.69,0.6,50,1,,,,,,29.01069519,54.02298851,50,1,33.45114288,,,,12/11/2016,787.2,,,,,,,,,,,,,,,,,,,,
2.09,0.61,50,2,,,,,,34.35828877,55.17241379,50,2,35.3427693,,,,12/18/2016,891.1,,,,,,,,,,,,,,,,,,,,
2.45,0.61,50,3,,,,,,39.17112299,55.17241379,50,3,36.71621145,,,,12/25/2016,963.4,,,,,,,,,,,,,,,,,,,,
2.04,0.62,50,2,,,,,,33.68983957,56.32183908,50,2,35.37956505,,,,1/1/2017,888.9,,,,,,,,,,,,,,,,,,,,
1.63,0.63,50,1,,,,,,28.20855615,57.47126437,50,1,34.06222768,,,,1/8/2017,819.6,,,,,,,,,,,,,,,,,,,,
1.99,0.63,50,2,,,,,,33.02139037,57.47126437,50,2,35.51066042,,,,1/15/2017,919.8,,,,,,,,,,,,,,,,,,,,
1.92,0.63,50,1,,,,,,32.0855615,57.47126437,50,1,35.23476986,,,,1/22/2017,918.5,,,,,,,,,,,,,,,,,,,,
2.28,0.64,50,2,,,,,,36.89839572,58.62068966,50,2,36.99886612,,,,1/29/2017,1031.8,,,,,,,,,,,,,,,,,,,,
2.19,0.64,50,2,,,,,,35.69518717,58.62068966,50,2,36.59332564,,,,2/5/2017,1008.3,,,,,,,,,,,,,,,,,,,,
2.34,0.65,50,2,,,,,,37.70053476,59.77011494,50,2,37.460826,,,,2/12/2017,1052.3,,,,,,,,,,,,,,,,,,,,
2.74,0.66,50,3,,,,,,43.04812834,60.91954023,50,3,39.30282177,,,,2/19/2017,1149.1,,,,,,,,,,,,,,,,,,,,
3,0.66,50,4,,,,,,46.52406417,60.91954023,50,4,40.43346482,,,,2/26/2017,1264.3,,,,,,,,,,,,,,,,,,,,
2.77,0.67,50,3,,,,,,43.44919786,62.06896552,50,3,39.68389446,,,,3/5/2017,1179.2,,,,,,,,,,,,,,,,,,,,
1.88,0.68,50,1,,,,,,31.55080214,63.2183908,50,1,36.41509138,,,,3/12/2017,971.4,,,,,,,,,,,,,,,,,,,,
1.67,0.68,50,1,,,,,,28.74331551,63.2183908,50,1,35.66277854,,,,3/19/2017,966.3,,,,,,,,,,,,,,,,,,,,
2.12,0.68,50,2,,,,,,34.75935829,63.2183908,50,2,37.43441588,,,,3/26/2017,1086.1,,,,,,,,,,,,,,,,,,,,
2.44,0.68,50,3,,,,,,39.03743316,63.2183908,50,3,38.70277866,,,,4/2/2017,1180.8,,,,,,,,,,,,,,,,,,,,
2.25,0.68,50,2,,,,,,36.4973262,63.2183908,50,2,38.01669805,,,,4/9/2017,1177,,,,,,,,,,,,,,,,,,,,
2.47,0.68,50,3,,,,,,39.43850267,63.2183908,50,3,38.86866057,,,,4/16/2017,1240.9,,,,,,,,,,,,,,,,,,,,
2.85,0.68,50,4,,,,,,44.51871658,63.2183908,50,4,40.3297569,,,,4/23/2017,1336.3,,,,,,,,,,,,,,,,,,,,
3.41,0.68,50,5,,,,,,52.00534759,63.2183908,50,5,42.66362065,,,,4/30/2017,1545.3,,,,,,,,,,,,,,,,,,,,
3.82,0.7,50,7,,,,,,57.48663102,65.51724138,50,7,45.08418227,,,,5/7/2017,1763.7,,,,,,,,,,,,,,,,,,,,
4.39,0.71,75,10,,,,,,65.10695187,66.66666667,75,10,54.13078328,,,,5/14/2017,2040.2,,,,,,,,,,,,,,,,,,,,
4.57,0.73,75,10,,,,,,67.51336898,68.96551724,75,10,55.2769101,,,,5/21/2017,2052.4,,,,,,,,,,,,,,,,,,,,
5.07,0.75,75,14,,,,,,74.19786096,71.26436782,75,14,58.61421799,,,,5/28/2017,2545.4,,,,,,,,,,,,,,,,,,,,
5.86,0.77,75,17,,,,,,84.75935829,73.56321839,75,17,62.5806066,,,,6/4/2017,2900.3,,,,,,,,,,,,,,,,,,,,
4.28,0.79,75,14,,,,,,63.63636364,75.86206897,75,14,57.23729455,,,,6/11/2017,2655.1,,,,,,,,,,,,,,,,,,,,
3.99,0.8,75,14,,,,,,59.75935829,77.01149425,75,14,56.3380417,,,,6/18/2017,2590.1,,,,,,,,,,,,,,,,,,,,
3.86,0.81,75,12,,,,,,58.02139037,78.16091954,75,12,55.75111938,,,,6/25/2017,2424.6,,,,,,,,,,,,,,,,,,,,
3.64,0.82,75,13,,,,,,55.0802139,79.31034483,75,13,55.55172034,,,,7/2/2017,2564.9,,,,,,,,,,,,,,,,,,,,
2.21,0.83,50,7,,,,,,35.96256684,80.45977011,50,7,43.44261564,,,,7/9/2017,1975.1,,,,,,,,,,,,,,,,,,,,
3.92,0.85,50,15,,,,,,58.82352941,82.75862069,50,15,51.56158767,,,,7/16/2017,2836.5,,,,,,,,,,,,,,,,,,,,
3.55,0.85,75,13,,,,,,53.87700535,82.75862069,75,13,56.28159046,,,,7/23/2017,2733.5,,,,,,,,,,,,,,,,,,,,
4.17,0.87,75,18,,,,,,62.1657754,85.05747126,75,18,59.99651291,,,,7/30/2017,3262.8,,,,,,,,,,,,,,,,,,,,
5.36,0.88,75,23,,,,,,78.07486631,86.20689655,75,23,65.47807835,,,,8/6/2017,3871.6,,,,,,,,,,,,,,,,,,,,
4.88,0.9,75,25,,,,,,71.65775401,88.50574713,75,25,64.94765937,,,,8/13/2017,4150.5,,,,,,,,,,,,,,,,,,,,
4.91,0.91,75,26,,,,,,72.05882353,89.65517241,75,26,65.66369368,,,,8/20/2017,4352.3,,,,,,,,,,,,,,,,,,,,
4.89,0.92,75,27,,,,,,71.79144385,90.8045977,75,27,66.24667084,,,,8/27/2017,4573.8,,,,,,,,,,,,,,,,,,,,
4.01,0.93,75,25,,,,,,60.02673797,91.95402299,75,25,63.00460105,,,,9/3/2017,4335.1,,,,,,,,,,,,,,,,,,,,
3.07,0.92,75,19,,,,,,47.45989305,90.8045977,75,19,58.18953358,,,,9/10/2017,3698.9,,,,,,,,,,,,,,,,,,,,
2.91,0.91,50,20,,,,,,45.32085561,89.65517241,50,20,51.21579598,,,,9/17/2017,3788,,,,,,,,,,,,,,,,,,,,
3.72,0.9,50,24,,,,,,56.14973262,88.50574713,50,24,54.69634723,,,,9/24/2017,4360.6,,,,,,,,,,,,,,,,,,,,
3.83,0.9,75,24,,,,,,57.62032086,88.50574713,75,24,61.3714609,,,,10/1/2017,4435.8,,,,,,,,,,,,,,,,,,,,
4.91,0.9,75,35,,,,,,72.05882353,88.50574713,75,35,67.61160347,,,,10/8/2017,5824.7,,,,,,,,,,,,,,,,,,,,
4.91,0.9,75,36,,,,,,72.05882353,88.50574713,75,36,67.85004612,,,,10/15/2017,6006.6,,,,,,,,,,,,,,,,,,,,
4.78,0.91,75,33,,,,,,70.32085561,89.65517241,75,33,67.04691867,,,,10/22/2017,5726.6,,,,,,,,,,,,,,,,,,,,
5.62,0.92,75,45,,,,,,81.55080214,90.8045977,75,45,73.15533239,,,,10/29/2017,7363.8,,,,,,,,,,,,,,,,,,,,
3.62,0.93,75,37,,,,,,54.81283422,91.95402299,75,37,64.68402087,,,,11/5/2017,6339.9,,,,,,,,,,,,,,,,,,,,
5.32,0.94,75,47,,,,,,77.54010695,93.10344828,75,47,73.23630984,,,,11/12/2017,7780.9,,,,,,,,,,,,,,,,,,,,
5.98,0.95,75,54,,,,,,86.36363636,94.25287356,75,54,77.39824743,,,,11/19/2017,8754.7,,,,,,,,,,,,,,,,,,,,
6.81,0.96,75,69,,,,,,97.45989305,95.40229885,75,69,84.2801863,,,,11/26/2017,10912.7,,,,,,,,,,,,,,,,,,,,
7,0.98,100,97,,,,,,100,97.70114943,100,97,98.73081672,,,,12/3/2017,14843.4,,,,,,,,,,,,,,,,,,,,
7,1,100,100,,,,,,100,100,100,100,100,,,,12/10/2017,19345.5,,,,,,,,,,,,,,,,,,,,
5.19,1,100,92,,,,,,75.80213904,100,100,92,91.95898527,,,,12/17/2017,14396.5,,,,,,,,,,,,,,,,,,,,
4.7,1,100,78,,,,,,69.2513369,100,100,78,86.76582284,,,,12/24/2017,12531.5,,,,,,,,,,,,,,,,,,,,
5.34,1,75,100,,,,,,77.80748663,100,75,100,88.20187166,,,,12/31/2017,17172.3,,,,,,,,,,,,,,,,,,,,
3.9,1,100,88,,,,,,58.55614973,100,100,88,86.76293751,,,,1/7/2018,14292.2,,,,,,,,,,,,,,,,,,,,
2.74,1,75,78,,,,,,43.04812834,100,75,78,73.92272349,,,,1/14/2018,12858.9,,,,,,,,,,,,,,,,,,,,
2.76,1,75,67,,,,,,43.31550802,100,75,67,71.39314983,,,,1/21/2018,11467.5,,,,,,,,,,,,,,,,,,,,
1.28,1,50,51,,,,,,23.52941176,100,50,51,56.21941371,,,,1/28/2018,9241.1,,,,,,,,,,,,,,,,,,,,
1.25,1,50,46,,,,,,23.12834225,100,50,46,54.81963606,,,,2/4/2018,8559.6,,,,,,,,,,,,,,,,,,,,
2.28,1,50,62,,,,,,36.89839572,100,50,62,62.33954945,,,,2/11/2018,11073.5,,,,,,,,,,,,,,,,,,,,
1.81,1,50,53,,,,,,30.61497326,100,50,53,58.32263104,,,,2/18/2018,9704.3,,,,,,,,,,,,,,,,,,,,
2.51,1,50,63,,,,,,39.97326203,100,50,63,63.3110757,,,,2/25/2018,11402.3,,,,,,,,,,,,,,,,,,,,
1.71,0.98,50,45,,,,,,29.27807487,97.70114943,50,45,55.57608429,,,,3/4/2018,8762,,,,,,,,,,,,,,,,,,,,
1.17,0.96,50,39,,,,,,22.05882353,95.40229885,50,39,51.62516425,,,,3/11/2018,7874.9,,,,,,,,,,,,,,,,,,,,
1.26,0.93,50,43,,,,,,23.26203209,91.95402299,50,43,52.02424321,,,,3/18/2018,8547.4,,,,,,,,,,,,,,,,,,,,
0.63,0.87,50,32,,,,,,14.83957219,85.05747126,50,32,45.50149853,,,,3/25/2018,6938.2,,,,,,,,,,,,,,,,,,,,
0.72,0.81,50,31,,,,,,16.04278075,78.16091954,50,31,43.92100773,,,,4/1/2018,6905.7,,,,,,,,,,,,,,,,,,,,
1.24,0.75,50,38,,,,,,22.99465241,71.26436782,50,38,45.55272437,,,,4/8/2018,8004.4,,,,,,,,,,,,,,,,,,,,
1.39,0.71,50,43,,,,,,25,66.66666667,50,43,46.2152994,,,,4/15/2018,8923.1,,,,,,,,,,,,,,,,,,,,
1.59,0.67,50,45,,,,,,27.67379679,62.06896552,50,45,46.26805805,,,,4/22/2018,9352.4,,,,,,,,,,,,,,,,,,,,
1.65,0.63,50,48,,,,,,28.47593583,57.47126437,50,48,45.95309157,,,,4/29/2018,9853.5,,,,,,,,,,,,,,,,,,,,
1.3,0.61,50,39,,,,,,23.79679144,55.17241379,50,39,41.95687424,,,,5/6/2018,8459.5,,,,,,,,,,,,,,,,,,,,
1.19,0.59,50,37,,,,,,22.32620321,52.87356322,50,37,40.57314826,,,,5/13/2018,8245.1,,,,,,,,,,,,,,,,,,,,
0.76,0.58,50,31,,,,,,16.57754011,51.72413793,50,31,37.41474705,,,,5/20/2018,7361.3,,,,,,,,,,,,,,,,,,,,
0.89,0.57,50,33,,,,,,18.31550802,50.57471264,50,33,37.88082624,,,,5/27/2018,7646.6,,,,,,,,,,,,,,,,,,,,
0.55,0.55,50,31,,,,,,13.77005348,48.27586207,50,31,35.87192077,,,,6/3/2018,7515.8,,,,,,,,,,,,,,,,,,,,
0.47,0.53,25,25,,,,,,12.70053476,45.97701149,25,25,27.20565832,,,,6/10/2018,6505.8,,,,,,,,,,,,,,,,,,,,
0.35,0.51,25,23,,,,,,11.09625668,43.67816092,25,23,25.65034088,,,,6/17/2018,6167.3,,,,,,,,,,,,,,,,,,,,
0.46,0.49,25,24,,,,,,12.56684492,41.37931034,25,24,25.68936098,,,,6/24/2018,6398.9,,,,,,,,,,,,,,,,,,,,
0.6,0.48,25,26,,,,,,14.43850267,40.22988506,25,26,26.30336832,,,,7/1/2018,6765.5,,,,,,,,,,,,,,,,,,,,
0.46,0.46,25,22,,,,,,12.56684492,37.93103448,25,22,24.44940347,,,,7/8/2018,6254.8,,,,,,,,,,,,,,,,,,,,
0.84,0.46,25,28,,,,,,17.64705882,37.93103448,25,28,27.24928798,,,,7/15/2018,7408.7,,,,,,,,,,,,,,,,,,,,
1.12,0.46,50,33,,,,,,21.39037433,37.93103448,50,33,35.48413874,,,,7/22/2018,8234.1,,,,,,,,,,,,,,,,,,,,
0.7,0.45,50,25,,,,,,15.77540107,36.7816092,50,25,32.00848348,,,,7/29/2018,7014.3,,,,,,,,,,,,,,,,,,,,
0.44,0.44,25,21,,,,,,12.29946524,35.63218391,25,21,23.44215618,,,,8/5/2018,6231.6,,,,,,,,,,,,,,,,,,,,
0.51,0.43,25,21,,,,,,13.23529412,34.48275862,25,21,23.50721022,,,,8/12/2018,6379.1,,,,,,,,,,,,,,,,,,,,
0.58,0.42,25,23,,,,,,14.17112299,33.33333333,25,23,23.84981509,,,,8/19/2018,6734.8,,,,,,,,,,,,,,,,,,,,
0.77,0.41,25,25,,,,,,16.71122995,32.18390805,25,25,24.71894149,,,,8/26/2018,7189.6,,,,,,,,,,,,,,,,,,,,
0.43,0.4,25,19,,,,,,12.1657754,31.03448276,25,19,21.8748637,,,,9/2/2018,6184.3,,,,,,,,,,,,,,,,,,,,
0.51,0.39,25,21,,,,,,13.23529412,29.88505747,25,21,22.21626999,,,,9/9/2018,6519,,,,,,,,,,,,,,,,,,,,
0.58,0.39,25,22,,,,,,14.17112299,29.88505747,25,22,22.64368146,,,,9/16/2018,6729.6,,,,,,,,,,,,,,,,,,,,
0.56,0.38,25,21,,,,,,13.90374332,28.73563218,25,21,22.0443967,,,,9/23/2018,6603.9,,,,,,,,,,,,,,,,,,,,
0.56,0.38,25,20,,,,,,13.90374332,28.73563218,25,20,21.95407908,,,,9/30/2018,6596.3,,,,,,,,,,,,,,,,,,,,
0.45,0.38,25,18,,,,,,12.43315508,28.73563218,25,18,21.15688964,,,,10/7/2018,6321.7,,,,,,,,,,,,,,,,,,,,
0.53,0.38,25,19,,,,,,13.5026738,28.73563218,25,19,21.66436313,,,,10/14/2018,6572.2,,,,,,,,,,,,,,,,,,,,
0.53,0.38,25,19,,,,,,13.5026738,28.73563218,25,19,21.48825331,,,,10/21/2018,6494.2,,,,,,,,,,,,,,,,,,,,
0.48,0.38,25,18,,,,,,12.8342246,28.73563218,25,18,21.10982243,,,,10/28/2018,6386.2,,,,,,,,,,,,,,,,,,,,
0.5,0.38,25,18,,,,,,13.10160428,28.73563218,25,18,21.15192047,,,,11/4/2018,6427.1,,,,,,,,,,,,,,,,,,,,
0.25,0.38,25,14,,,,,,9.759358289,28.73563218,25,14,19.25423058,,,,11/11/2018,5621.8,,,,,,,,,,,,,,,,,,,,
-0.27,0.37,0,5,,,,,,2.807486631,27.5862069,0,5,8.842235939,,,,11/18/2018,3920.4,,,,,,,,,,,,,,,,,,,,
-0.24,0.38,0,6,,,,,,3.20855615,28.73563218,0,6,9.511977783,,,,11/25/2018,4196.2,,,,,,,,,,,,,,,,,,,,
-0.37,0.38,0,2,,,,,,1.470588235,28.73563218,0,2,8.10689319,,,,12/2/2018,3430.4,,,,,,,,,,,,,,,,,,,,
-0.48,0.38,0,1,,,,,,0,28.73563218,0,1,7.45362794,,,,12/9/2018,3228.7,,,,,,,,,,,,,,,,,,,,
-0.2,0.37,0,4,,,,,,3.743315508,27.5862069,0,4,8.926792051,,,,12/16/2018,3964.4,,,,,,,,,,,,,,,,,,,,
-0.24,0.37,0,3,,,,,,3.20855615,27.5862069,0,3,8.441449716,,,,12/23/2018,3706.8,,,,,,,,,,,,,,,,,,,,
-0.16,0.37,0,3,,,,,,4.278074866,27.5862069,0,3,8.752931537,,,,12/30/2018,3785.4,,,,,,,,,,,,,,,,,,,,
-0.32,0.37,0,2,,,,,,2.139037433,27.5862069,0,2,7.953297418,,,,1/6/2019,3597.2,,,,,,,,,,,,,,,,,,,,
-0.3,0.36,0,2,,,,,,2.406417112,26.43678161,0,2,7.779376375,,,,1/13/2019,3677.8,,,,,,,,,,,,,,,,,,,,
-0.3,0.35,0,2,,,,,,2.406417112,25.28735632,0,2,7.324322166,,,,1/20/2019,3570.9,,,,,,,,,,,,,,,,,,,,
-0.34,0.34,0,1,,,,,,1.871657754,24.13793103,0,1,6.781119383,,,,1/27/2019,3502.5,,,,,,,,,,,,,,,,,,,,
-0.25,0.33,0,2,,,,,,3.07486631,22.98850575,0,2,6.928507379,,,,2/3/2019,3661.4,,,,,,,,,,,,,,,,,,,,
-0.25,0.33,0,1,,,,,,3.07486631,22.98850575,0,1,6.833765312,,,,2/10/2019,3616.8,,,,,,,,,,,,,,,,,,,,
-0.19,0.32,0,3,,,,,,3.877005348,21.83908046,0,3,7.258496053,,,,2/17/2019,4120.4,,,,,,,,,,,,,,,,,,,,
-0.18,0.31,0,2,,,,,,4.010695187,20.68965517,0,2,6.630422648,,,,2/24/2019,3823.1,,,,,,,,,,,,,,,,,,,,
-0.14,0.31,0,2,,,,,,4.545454545,20.68965517,0,2,6.850400166,,,,3/3/2019,3944.3,,,,,,,,,,,,,,,,,,,,
-0.11,0.31,0,2,,,,,,4.946524064,20.68965517,0,2,6.971483413,,,,3/10/2019,4006.4,,,,,,,,,,,,,,,,,,,,
-0.11,0.31,0,2,,,,,,4.946524064,20.68965517,0,2,6.920837286,,,,3/17/2019,4002.5,,,,,,,,,,,,,,,,,,,,
-0.08,0.32,0,2,,,,,,5.347593583,21.83908046,0,2,7.378687258,,,,3/24/2019,4111.8,,,,,,,,,,,,,,,,,,,,
0.3,0.33,0,6,,,,,,10.42780749,22.98850575,0,6,9.877090468,,,,3/31/2019,5046.2,,,,,,,,,,,,,,,,,,,,
0.29,0.35,25,6,,,,,,10.29411765,25.28735632,25,6,16.62076482,,,,4/7/2019,5051.8,,,,,,,,,,,,,,,,,,,,
0.33,0.36,25,7,,,,,,10.82887701,26.43678161,25,7,17.23702922,,,,4/14/2019,5290.2,,,,,,,,,,,,,,,,,,,,
0.32,0.37,25,6,,,,,,10.69518717,27.5862069,25,6,17.41122335,,,,4/21/2019,5265.9,,,,,,,,,,,,,,,,,,,,
0.51,0.39,25,8,,,,,,13.23529412,29.88505747,25,8,19.14723607,,,,4/28/2019,5830.9,,,,,,,,,,,,,,,,,,,,
0.9,0.4,25,14,,,,,,18.44919786,31.03448276,25,14,22.06662122,,,,5/5/2019,7190.3,,,,,,,,,,,,,,,,,,,,
1.31,0.43,25,14,,,,,,23.93048128,34.48275862,25,14,24.30497658,,,,5/12/2019,7262.6,,,,,,,,,,,,,,,,,,,,
1.44,0.45,25,17,,,,,,25.6684492,36.7816092,25,17,26.01588132,,,,5/19/2019,8027.4,,,,,,,,,,,,,,,,,,,,
1.42,0.48,25,18,,,,,,25.40106952,40.22988506,25,18,27.25635001,,,,5/26/2019,8545.7,,,,,,,,,,,,,,,,,,,,
1.04,0.5,25,16,,,,,,20.32085561,42.52873563,25,16,25.84694553,,,,6/2/2019,7901.4,,,,,,,,,,,,,,,,,,,,
1.47,0.52,25,19,,,,,,26.06951872,44.82758621,25,19,28.68543498,,,,6/9/2019,8812.5,,,,,,,,,,,,,,,,,,,,
2.07,0.55,50,26,,,,,,34.09090909,48.27586207,50,26,39.59310651,,,,6/16/2019,10721.7,,,,,,,,,,,,,,,,,,,,
2,0.58,50,30,,,,,,33.15508021,51.72413793,50,30,41.28281545,,,,6/23/2019,11906.5,,,,,,,,,,,,,,,,,,,,
2.14,0.62,50,27,,,,,,35.02673797,56.32183908,50,27,42.18882936,,,,6/30/2019,11268,,,,,,,,,,,,,,,,,,,,
1.68,0.65,50,27,,,,,,28.87700535,59.77011494,50,27,41.51540797,,,,7/7/2019,11364.9,,,,,,,,,,,,,,,,,,,,
1.77,0.68,50,25,,,,,,30.0802139,63.2183908,50,25,42.07587306,,,,7/14/2019,10826.7,,,,,,,,,,,,,,,,,,,,
1.41,0.69,50,20,,,,,,25.26737968,64.36781609,50,20,39.81349608,,,,7/21/2019,9492.1,,,,,,,,,,,,,,,,,,,,
1.83,0.71,50,24,,,,,,30.88235294,66.66666667,50,24,42.95573796,,,,7/28/2019,10815.7,,,,,,,,,,,,,,,,,,,,
1.96,0.73,50,26,,,,,,32.62032086,68.96551724,50,26,44.34423031,,,,8/4/2019,11314.5,,,,,,,,,,,,,,,,,,,,
1.56,0.75,50,21,,,,,,27.27272727,71.26436782,50,21,42.48040313,,,,8/11/2019,10218.1,,,,,,,,,,,,,,,,,,,,
1.46,0.77,50,21,,,,,,25.93582888,73.56321839,50,21,42.56076167,,,,8/18/2019,10131,,,,,,,,,,,,,,,,,,,,
1.33,0.77,50,18,,,,,,24.19786096,73.56321839,50,18,41.55778335,,,,8/25/2019,9594.4,,,,,,,,,,,,,,,,,,,,
1.52,0.78,50,21,,,,,,26.73796791,74.71264368,50,21,43.1902926,,,,9/1/2019,10461.1,,,,,,,,,,,,,,,,,,,,
0.47,0.78,50,21,,,,,,12.70053476,74.71264368,50,21,39.48964305,,,,9/8/2019,10337.3,,,,,,,,,,,,,,,,,,,,
1.37,0.78,50,19,,,,,,24.73262032,74.71264368,50,19,42.11138342,,,,9/15/2019,9993,,,,,,,,,,,,,,,,,,,,
0.77,0.78,25,12,,,,,,16.71122995,74.71264368,25,12,32.19595497,,,,9/22/2019,8208.5,,,,,,,,,,,,,,,,,,,,
0.73,0.77,25,12,,,,,,16.17647059,73.56321839,25,12,31.63859351,,,,9/29/2019,8127.3,,,,,,,,,,,,,,,,,,,,
0.84,0.76,25,12,,,,,,17.64705882,72.4137931,25,12,31.81019441,,,,10/6/2019,8304.4,,,,,,,,,,,,,,,,,,,,
0.8,0.74,25,11,,,,,,17.11229947,70.11494253,25,11,30.73540738,,,,10/13/2019,7957.3,,,,,,,,,,,,,,,,,,,,
1.21,0.82,25,15,,,,,,22.59358289,79.31034483,25,15,35.44295208,,,,10/20/2019,9230.6,,,,,,,,,,,,,,,,,,,,
1.1,0.7,25,15,,,,,,21.12299465,65.51724138,25,15,31.6182225,,,,10/27/2019,9300.6,,,,,,,,,,,,,,,,,,,,
1.04,0.69,25,13,,,,,,20.32085561,64.36781609,25,13,30.63847855,,,,11/3/2019,8804.5,,,,,,,,,,,,,,,,,,,,
0.89,0.67,25,12,,,,,,18.31550802,62.06896552,25,12,29.23665879,,,,11/10/2019,8497.3,,,,,,,,,,,,,,,,,,,,
0.43,0.65,25,7,,,,,,12.1657754,59.77011494,25,7,26.07392509,,,,11/17/2019,7324.1,,,,,,,,,,,,,,,,,,,,
0.55,0.63,25,8,,,,,,13.77005348,57.47126437,25,8,26.02979481,,,,11/24/2019,7546.6,,,,,,,,,,,,,,,,,,,,
0.6,0.61,25,8,,,,,,14.43850267,55.17241379,25,8,25.53520136,,,,12/1/2019,7510.9,,,,,,,,,,,,,,,,,,,,
0.48,0.59,25,6,,,,,,12.8342246,52.87356322,25,6,24.14781372,,,,12/8/2019,7080.8,,,,,,,,,,,,,,,,,,,,
0.59,0.57,25,6,,,,,,14.30481283,50.57471264,25,6,23.94842014,,,,12/15/2019,7156.2,,,,,,,,,,,,,,,,,,,,
0.57,0.55,25,6,,,,,,14.03743316,48.27586207,25,6,23.38724935,,,,12/22/2019,7321.5,,,,,,,,,,,,,,,,,,,,
0.57,0.53,25,6,,,,,,14.03743316,45.97701149,25,6,22.80251812,,,,12/29/2019,7376.8,,,,,,,,,,,,,,,,,,,,
0.8,0.52,25,8,,,,,,17.11229947,44.82758621,25,8,23.74935674,,,,1/5/2020,8024.1,,,,,,,,,,,,,,,,,,,,
0.94,0.52,25,11,,,,,,18.98395722,44.82758621,25,11,24.87186562,,,,1/12/2020,8916.3,,,,,,,,,,,,,,,,,,,,
0.9,0.51,25,9,,,,,,18.44919786,43.67816092,25,9,23.93292889,,,,1/19/2020,8341.6,,,,,,,,,,,,,,,,,,,,
1.12,0.51,25,12,,,,,,21.39037433,43.67816092,25,12,25.42921141,,,,1/26/2020,9381.6,,,,,,,,,,,,,,,,,,,,
1.33,0.51,25,13,,,,,,24.19786096,43.67816092,25,13,26.46991172,,,,2/2/2020,9895.5,,,,,,,,,,,,,,,,,,,,
1.23,0.5,25,13,,,,,,22.86096257,42.52873563,25,13,25.79205481,,,,2/9/2020,9907.7,,,,,,,,,,,,,,,,,,,,
1.23,0.5,25,12,,,,,,22.86096257,42.52873563,25,12,25.53183834,,,,2/16/2020,9655.7,,,,,,,,,,,,,,,,,,,,
0.83,0.49,25,8,,,,,,17.51336898,41.37931034,25,8,22.98969537,,,,2/23/2020,8543.7,,,,,,,,,,,,,,,,,,,,
0.7,0.49,25,9,,,,,,15.77540107,41.37931034,25,9,22.75992825,,,,3/1/2020,8887.8,,,,,,,,,,,,,,,,,,,,
-0.05,0.48,0,0,,,,,,5.748663102,40.22988506,0,0,11.49463704,,,,3/8/2020,5182.7,,,,,,,,,,,,,,,,,,,,
0.09,0.47,0,0,,,,,,7.620320856,39.08045977,0,0,11.74255848,,,,3/15/2020,6186.2,,,,,,,,,,,,,,,,,,,,
0.12,0.47,0,0,,,,,,8.021390374,39.08045977,0,0,11.83277107,,,,3/22/2020,6233.7,,,,,,,,,,,,,,,,,,,,
0.38,0.47,0,2,,,,,,11.4973262,39.08045977,0,2,13.12021942,,,,3/29/2020,6857.4,,,,,,,,,,,,,,,,,,,,
0.45,0.46,0,2,,,,,,12.43315508,37.93103448,0,2,13.0262189,,,,4/5/2020,6867.8,,,,,,,,,,,,,,,,,,,,
0.51,0.46,0,3,,,,,,13.23529412,37.93103448,0,3,13.44538365,,,,4/12/2020,7230.8,,,,,,,,,,,,,,,,,,,,
0.65,0.46,0,3,,,,,,15.10695187,37.93103448,0,3,14.08985516,,,,4/19/2020,7540.4,,,,,,,,,,,,,,,,,,,,
0.98,0.46,25,7,,,,,,19.51871658,37.93103448,25,7,22.42674523,,,,4/26/2020,8966.3,,,,,,,,,,,,,,,,,,,,
0.92,0.46,25,9,,,,,,18.71657754,37.93103448,25,9,22.59359157,,,,5/3/2020,9554.6,,,,,,,,,,,,,,,,,,,,
1.18,0.46,25,8,,,,,,22.19251337,37.93103448,25,8,23.27799267,,,,5/10/2020,9379.5,,,,,,,,,,,,,,,,,,,,
0.99,0.46,25,7,,,,,,19.65240642,37.93103448,25,7,22.44077919,,,,5/17/2020,9177,,,,,,,,,,,,,,,,,,,,
1.09,0.46,25,8,,,,,,20.98930481,37.93103448,25,8,23.08306967,,,,5/24/2020,9692.5,,,,,,,,,,,,,,,,,,,,
1.18,0.46,25,8,,,,,,22.19251337,37.93103448,25,8,23.30908811,,,,5/31/2020,9669.6,,,,,,,,,,,,,,,,,,,,
1.06,0.46,25,7,,,,,,20.58823529,37.93103448,25,7,22.71117389,,,,6/7/2020,9471.3,,,,,,,,,,,,,,,,,,,,
1.02,0.46,25,7,,,,,,20.05347594,37.93103448,25,7,22.44228757,,,,6/14/2020,9358.8,,,,,,,,,,,,,,,,,,,,
0.97,0.47,25,6,,,,,,19.38502674,39.08045977,25,6,22.2642981,,,,6/21/2020,9008.3,,,,,,,,,,,,,,,,,,,,
0.95,0.48,25,6,,,,,,19.11764706,40.22988506,25,6,22.51690585,,,,6/28/2020,9134.4,,,,,,,,,,,,,,,,,,,,
1,0.49,25,6,,,,,,19.78609626,41.37931034,25,6,22.98416768,,,,7/5/2020,9233.3,,,,,,,,,,,,,,,,,,,,
0.97,0.5,25,5,,,,,,19.38502674,42.52873563,25,5,23.07371865,,,,7/12/2020,9170.2,,,,,,,,,,,,,,,,,,,,
1.16,0.52,25,7,,,,,,21.92513369,44.82758621,25,7,24.58897511,,,,7/19/2020,9704.1,,,,,,,,,,,,,,,,,,,,
1.46,0.53,25,12,,,,,,25.93582888,45.97701149,25,12,27.22856098,,,,7/26/2020,11803.1,,,,,,,,,,,,,,,,,,,,
1.61,0.55,25,12,,,,,,27.94117647,48.27586207,25,12,28.21452087,,,,8/2/2020,11764.3,,,,,,,,,,,,,,,,,,,,
1.64,0.56,25,12,,,,,,28.34224599,49.42528736,25,12,28.5920092,,,,8/9/2020,11845.3,,,,,,,,,,,,,,,,,,,,
1.56,0.57,25,11,,,,,,27.27272727,50.57471264,25,11,28.42731206,,,,8/16/2020,11661.3,,,,,,,,,,,,,,,,,,,,
1.55,0.58,25,10,,,,,,27.13903743,51.72413793,25,10,28.49238667,,,,8/23/2020,11468.1,,,,,,,,,,,,,,,,,,,,
1.14,0.58,25,6,,,,,,21.65775401,51.72413793,25,6,26.16661269,,,,8/30/2020,10092.2,,,,,,,,,,,,,,,,,,,,
1.15,0.58,25,7,,,,,,21.79144385,51.72413793,25,7,26.37014838,,,,9/6/2020,10441.9,,,,,,,,,,,,,,,,,,,,
1.3,0.58,25,8,,,,,,23.79679144,51.72413793,25,8,27.22552876,,,,9/13/2020,11081.8,,,,,,,,,,,,,,,,,,,,
1.25,0.58,25,7,,,,,,23.12834225,51.72413793,25,7,26.77363523,,,,9/20/2020,10727.9,,,,,,,,,,,,,,,,,,,,
1.22,0.58,25,7,,,,,,22.72727273,51.72413793,25,7,26.49957694,,,,9/27/2020,10544.2,,,,,,,,,,,,,,,,,,,,
1.4,0.59,25,8,,,,,,25.13368984,52.87356322,25,8,27.8079453,,,,10/4/2020,11298.4,,,,,,,,,,,,,,,,,,,,
1.41,0.59,25,8,,,,,,25.26737968,52.87356322,25,8,27.82256115,,,,10/11/2020,11362.1,,,,,,,,,,,,,,,,,,,,
1.79,0.6,50,12,,,,,,30.34759358,54.02298851,50,12,36.66518206,,,,10/18/2020,13117.2,,,,,,,,,,,,,,,,,,,,
1.94,0.61,50,14,,,,,,32.35294118,55.17241379,50,14,37.81049833,,,,10/25/2020,13797.3,,,,,,,,,,,,,,,,,,,,
2.33,0.62,50,16,,,,,,37.56684492,56.32183908,50,16,39.96958382,,,,11/1/2020,14828.4,,,,,,,,,,,,,,,,,,,,
2.4,0.63,50,19,,,,,,38.5026738,57.47126437,50,19,41.18161981,,,,11/8/2020,16071,,,,,,,,,,,,,,,,,,,,
2.95,0.63,50,25,,,,,,45.85561497,57.47126437,50,25,44.53831778,,,,11/15/2020,18687.2,,,,,,,,,,,,,,,,,,,,
2.78,0.64,50,22,,,,,,43.5828877,58.62068966,50,22,43.59556281,,,,11/22/2020,17730.7,,,,,,,,,,,,,,,,,,,,
2.99,0.65,50,25,,,,,,46.39037433,59.77011494,50,25,45.35754039,,,,11/29/2020,19146.5,,,,,,,,,,,,,,,,,,,,
2.86,0.65,50,24,,,,,,44.65240642,59.77011494,50,24,44.63748805,,,,12/6/2020,18808.9,,,,,,,,,,,,,,,,,,,,
3.77,0.67,50,36,,,,,,56.81818182,62.06896552,50,36,51.16640428,,,,12/13/2020,23844,,,,,,,,,,,,,,,,,,,,
4.26,0.69,75,42,,,,,,63.36898396,64.36781609,75,42,61.07372812,,,,12/20/2020,26454.4,,,,,,,,,,,,,,,,,,,,
5.51,0.71,75,55,,,,,,80.0802139,66.66666667,75,55,69.0933368,,,,12/27/2020,32193.3,,,,,,,,,,,,,,,,,,,,
6.06,0.75,75,73,,,,,,87.43315508,71.26436782,75,73,76.60753821,,,,1/3/2021,40151.9,,,,,,,,,,,,,,,,,,,,
5.16,0.78,75,63,,,,,,75.40106952,74.71264368,75,63,71.90843307,,,,1/10/2021,36019.5,,,,,,,,,,,,,,,,,,,,
4.21,0.81,75,53,,,,,,62.70053476,78.16091954,75,53,67.18735603,,,,1/17/2021,32088.9,,,,,,,,,,,,,,,,,,,,
4.19,0.83,75,57,,,,,,62.43315508,80.45977011,75,57,68.83321461,,,,1/24/2021,34283.1,,,,,,,,,,,,,,,,,,,,
5.06,0.86,75,68,,,,,,74.06417112,83.90804598,75,68,75.31532065,,,,1/31/2021,39256.6,,,,,,,,,,,,,,,,,,,,
6.45,0.89,100,86,,,,,,92.64705882,87.35632184,100,86,91.42328672,,,,2/7/2021,47168.7,,,,,,,,,,,,,,,,,,,,
7,0.92,100,100,,,,,,100,90.8045977,100,100,97.70114943,,,,2/14/2021,55923.7,,,,,,,,,,,,,,,,,,,,
4.85,0.93,75,82,,,,,,71.25668449,91.95402299,75,82,80.05901789,,,,2/21/2021,46136.7,,,,,,,,,,,,,,,,,,,,
5.54,0.95,75,87,,,,,,80.48128342,94.25287356,75,87,84.29511561,,,,2/28/2021,48855.6,,,,,,,,,,,,,,,,,,,,
6.41,0.96,75,100,,,,,,92.11229947,95.40229885,75,100,90.62864958,,,,3/7/2021,61195.3,,,,,,,,,,,,,,,,,,,,
5.69,0.97,100,100,,,,,,82.48663102,96.55172414,100,100,94.75958879,,,,3/14/2021,58093.4,,,,,,,,,,,,,,,,,,,,
5.19,0.98,75,100,,,,,,75.80213904,97.70114943,75,100,87.12582212,,,,3/21/2021,55862.9,,,,,,,,,,,,,,,,,,,,
5.27,0.99,100,100,,,,,,76.87165775,98.85057471,100,100,93.93055812,,,,3/28/2021,57059.9,,,,,,,,,,,,,,,,,,,,
5.17,1,100,100,,,,,,75.53475936,100,100,100,93.88368984,,,,4/4/2021,59748.4,,,,,,,,,,,,,,,,,,,,
4.42,1,100,100,,,,,,65.50802139,100,100,100,91.37700535,,,,4/11/2021,60041.9,,,,,,,,,,,,,,,,,,,,
3.43,1,75,85,,,,,,52.27272727,100,75,85,78.17225774,,,,4/18/2021,50088.9,,,,,,,,,,,,,,,,,,,,
4.15,0.98,75,100,,,,,,61.89839572,97.70114943,75,100,83.64988629,,,,4/25/2021,57807.1,,,,,,,,,,,,,,,,,,,,
4.16,0.97,75,100,,,,,,62.03208556,96.55172414,75,100,83.39595242,,,,5/2/2021,58840.1,,,,,,,,,,,,,,,,,,,,
2.81,0.96,75,76,,,,,,43.98395722,95.40229885,75,76,72.67029706,,,,5/9/2021,46708.8,,,,,,,,,,,,,,,,,,,,
1.57,0.95,50,56,,,,,,27.40641711,94.25287356,50,56,56.97172898,,,,5/16/2021,37448.3,,,,,,,,,,,,,,,,,,,,
1.67,0.93,50,50,,,,,,28.74331551,91.95402299,50,50,55.1101542,,,,5/23/2021,34584.6,,,,,,,,,,,,,,,,,,,,
1.67,0.9,50,51,,,,,,28.74331551,88.50574713,50,51,54.61774675,,,,5/30/2021,35520,,,,,,,,,,,,,,,,,,,,
1.99,0.86,50,51,,,,,,33.02139037,83.90804598,50,51,54.39254479,,,,6/6/2021,35467.5,,,,,,,,,,,,,,,,,,,,
1.64,0.84,50,50,,,,,,28.34224599,81.6091954,50,50,52.55436102,,,,6/13/2021,35513.4,,,,,,,,,,,,,,,,,,,,
1.51,0.81,50,43,,,,,,26.60427807,78.16091954,50,43,49.47010418,,,,6/20/2021,32243.4,,,,,,,,,,,,,,,,,,,,
1.61,0.77,50,48,,,,,,27.94117647,73.56321839,50,48,49.81838017,,,,6/27/2021,34742.8,,,,,,,,,,,,,,,,,,,,
1.5,0.73,50,45,,,,,,26.47058824,68.96551724,50,45,47.56538098,,,,7/4/2021,33510.6,,,,,,,,,,,,,,,,,,,,
1.24,0.7,50,40,,,,,,22.99465241,65.51724138,50,40,44.72384753,,,,7/11/2021,31518.6,,,,,,,,,,,,,,,,,,,,
1.58,0.67,50,45,,,,,,27.54010695,62.06896552,50,45,46.04845267,,,,7/18/2021,33824.8,,,,,,,,,,,,,,,,,,,,
1.96,0.67,50,60,,,,,,32.62032086,62.06896552,50,60,51.05404924,,,,7/25/2021,41553.7,,,,,,,,,,,,,,,,,,,,
2.32,0.64,50,65,,,,,,37.43315508,58.62068966,50,65,52.78071881,,,,8/1/2021,44614.2,,,,,,,,,,,,,,,,,,,,
2.58,0.61,75,69,,,,,,40.90909091,55.17241379,75,69,60.11588075,,,,8/8/2021,47081.5,,,,,,,,,,,,,,,,,,,,
2.75,0.59,75,72,,,,,,43.18181818,52.87356322,75,72,60.84611718,,,,8/15/2021,48875.8,,,,,,,,,,,,,,,,,,,,
2.65,0.57,75,72,,,,,,41.84491979,50.57471264,75,72,59.80240585,,,,8/22/2021,48897.1,,,,,,,,,,,,,,,,,,,,
2.86,0.55,75,73,,,,,,44.65240642,48.27586207,75,73,60.27982033,,,,8/29/2021,49918.4,,,,,,,,,,,,,,,,,,,,
2.32,0.54,75,63,,,,,,37.43315508,47.12643678,75,63,55.75082831,,,,9/5/2021,45161.9,,,,,,,,,,,,,,,,,,,,
2.37,0.54,75,69,,,,,,38.10160428,47.12643678,75,69,57.29166679,,,,9/12/2021,48306.7,,,,,,,,,,,,,,,,,,,,
1.99,0.53,50,58,,,,,,33.02139037,45.97701149,50,58,46.66614031,,,,9/19/2021,42686.8,,,,,,,,,,,,,,,,,,,,
2.39,0.53,50,67,,,,,,38.36898396,45.97701149,50,67,50.23876818,,,,9/26/2021,47666.9,,,,,,,,,,,,,,,,,,,,
2.9,0.53,75,80,,,,,,45.18716578,45.97701149,75,80,61.48735704,,,,10/3/2021,54942.5,,,,,,,,,,,,,,,,,,,,
3.41,0.54,75,90,,,,,,52.00534759,47.12643678,75,90,66.10160687,,,,10/10/2021,60861.1,,,,,,,,,,,,,,,,,,,,
3.24,0.55,75,90,,,,,,49.73262032,48.27586207,75,90,65.86404627,,,,10/17/2021,61312.5,,,,,,,,,,,,,,,,,,,,
3.2,0.56,75,91,,,,,,49.19786096,49.42528736,75,91,66.09522948,,,,10/24/2021,61840.1,,,,,,,,,,,,,,,,,,,,
3.27,0.57,75,89,,,,,,50.13368984,50.57471264,75,89,66.28451181,,,,10/31/2021,61483.9,,,,,,,,,,,,,,,,,,,,
3.32,0.58,75,94,,,,,,50.80213904,51.72413793,75,94,67.91214925,,,,11/7/2021,64398.6,,,,,,,,,,,,,,,,,,,,
2.73,0.58,75,85,,,,,,42.9144385,51.72413793,75,85,63.62979236,,,,11/14/2021,59717.6,,,,,,,,,,,,,,,,,,,,
2.57,0.58,75,75,,,,,,40.77540107,51.72413793,75,75,60.68484794,,,,11/21/2021,54765.9,,,,,,,,,,,,,,,,,,,,
1.93,0.58,75,65,,,,,,32.21925134,51.72413793,75,65,55.8800226,,,,11/28/2021,49195.2,,,,,,,,,,,,,,,,,,,,
1.98,0.57,50,64,,,,,,32.88770053,50.57471264,50,64,49.4307386,,,,12/5/2021,49314.5,,,,,,,,,,,,,,,,,,,,
1.71,0.57,50,59,,,,,,29.27807487,50.57471264,50,59,47.29592885,,,,12/12/2021,46856.2,,,,,,,,,,,,,,,,,,,,
2,0.56,50,65,,,,,,33.15508021,49.42528736,50,65,49.43288037,,,,12/19/2021,50406.4,,,,,,,,,,,,,,,,,,,,
1.73,0.56,50,60,,,,,,29.54545455,49.42528736,50,60,47.21540031,,,,12/26/2021,47738,,,,,,,,,,,,,,,,,,,,
1.32,0.56,50,49,,,,,,24.06417112,49.42528736,50,49,43.0455891,,,,1/2/2022,41672,,,,,,,,,,,,,,,,,,,,
1.41,0.56,50,51,,,,,,25.26737968,49.42528736,50,51,43.85943397,,,,1/9/2022,43097,,,,,,,,,,,,,,,,,,,,
0.92,0.55,50,36,,,,,,18.71657754,48.27586207,50,36,38.32085039,,,,1/16/2022,35075.2,,,,,,,,,,,,,,,,,,,,
1.05,0.54,50,41,,,,,,20.45454545,47.12643678,50,41,39.71566876,,,,1/23/2022,38170.8,,,,,,,,,,,,,,,,,,,,
1.36,0.53,50,46,,,,,,24.59893048,45.97701149,50,46,41.76190258,,,,1/30/2022,41412.1,,,,,,,,,,,,,,,,,,,,
1.34,0.52,50,47,,,,,,24.3315508,44.82758621,50,47,41.63983527,,,,2/6/2022,42205.2,,,,,,,,,,,,,,,,,,,,
1.07,0.51,50,43,,,,,,20.72192513,43.67816092,50,43,39.43641072,,,,2/13/2022,40090.3,,,,,,,,,,,,,,,,,,,,
1,0.5,50,41,,,,,,19.78609626,42.52873563,50,41,38.39605264,,,,2/20/2022,39115.5,,,,,,,,,,,,,,,,,,,,
1.04,0.48,50,41,,,,,,20.32085561,40.22988506,50,41,37.9718371,,,,2/27/2022,39395.8,,,,,,,,,,,,,,,,,,,,
0.99,0.47,50,40,,,,,,19.65240642,39.08045977,50,40,37.17073328,,,,3/6/2022,38814.3,,,,,,,,,,,,,,,,,,,,
1.23,0.47,50,45,,,,,,22.86096257,39.08045977,50,45,39.30495789,,,,3/13/2022,42233,,,,,,,,,,,,,,,,,,,,
1.61,0.46,50,49,,,,,,27.94117647,37.93103448,50,49,41.14594627,,,,3/20/2022,44548,,,,,,,,,,,,,,,,,,,,
1.56,0.46,50,50,,,,,,27.27272727,37.93103448,50,50,41.39180853,,,,3/27/2022,45811,,,,,,,,,,,,,,,,,,,,
1.27,0.46,50,45,,,,,,23.39572193,37.93103448,50,45,39.05362436,,,,4/3/2022,42767,,,,,,,,,,,,,,,,,,,,
1.08,0.46,50,41,,,,,,20.85561497,37.93103448,50,41,37.33339245,,,,4/10/2022,40382,,,,,,,,,,,,,,,,,,,,
1.06,0.46,50,39,,,,,,20.58823529,37.93103448,50,39,36.77223676,,,,4/17/2022,39418,,,,,,,,,,,,,,,,,,,,
0.99,0.46,50,35,,,,,,19.65240642,37.93103448,50,35,35.72156127,,,,4/24/2022,37650,,,,,,,,,,,,,,,,,,,,
0.68,0.46,50,31,,,,,,15.50802139,37.93103448,50,31,33.7089077,,,,5/1/2022,35468,,,,,,,,,,,,,,,,,,,,
0.52,0.45,50,22,,,,,,13.36898396,36.7816092,50,22,30.62904225,,,,5/8/2022,30080.4,,,,,,,,,,,,,,,,,,,,
0.46,0.45,25,21,,,,,,12.56684492,36.7816092,25,21,23.84197692,,,,5/15/2022,29434.6,,,,,,,,,,,,,,,,,,,,
0.4,0.44,25,20,,,,,,11.76470588,35.63218391,25,20,23.11547732,,,,5/22/2022,29027.1,,,,,,,,,,,,,,,,,,,,
0.44,0.43,25,21,,,,,,12.29946524,34.48275862,25,21,23.21888491,,,,5/29/2022,29864.3,,,,,,,,,,,,,,,,,,,,
0.25,0.43,25,18,,,,,,9.759358289,34.48275862,25,18,21.93097864,,,,6/5/2022,28403.4,,,,,,,,,,,,,,,,,,,,
-0.15,0.41,0,3,,,,,,4.411764706,32.18390805,0,3,9.997507733,,,,6/12/2022,18986.5,,,,,,,,,,,,,,,,,,,,
-0.1,0.4,0,7,,,,,,5.080213904,31.03448276,0,7,10.80108264,,,,6/19/2022,21489.9,,,,,,,,,,,,,,,,,,,,
-0.21,0.39,0,3,,,,,,3.609625668,29.88505747,0,3,9.212961541,,,,6/26/2022,19243.2,,,,,,,,,,,,,,,,,,,,
-0.09,0.38,0,7,,,,,,5.213903743,28.73563218,0,7,10.17940927,,,,7/3/2022,21587.5,,,,,,,,,,,,,,,,,,,,
-0.08,0.36,0,6,,,,,,5.347593583,26.43678161,0,6,9.433787409,,,,7/10/2022,21209.9,,,,,,,,,,,,,,,,,,,,
0.05,0.35,0,8,,,,,,7.085561497,25.28735632,0,8,10.00239375,,,,7/17/2022,22460.4,,,,,,,,,,,,,,,,,,,,
0.11,0.34,0,9,,,,,,7.887700535,24.13793103,0,9,10.30341248,,,,7/24/2022,23634.2,,,,,,,,,,,,,,,,,,,,
0.09,0.33,0,8,,,,,,7.620320856,22.98850575,0,8,9.625373351,,,,7/31/2022,22944.2,,,,,,,,,,,,,,,,,,,,
0.18,0.32,0,10,,,,,,8.823529412,21.83908046,0,10,10.14462518,,,,8/7/2022,24442.5,,,,,,,,,,,,,,,,,,,,
-0.01,0.31,0,5,,,,,,6.28342246,20.68965517,0,5,7.917170991,,,,8/14/2022,21138.9,,,,,,,,,,,,,,,,,,,,
-0.14,0.3,0,3,,,,,,4.545454545,19.54022989,0,3,6.725222064,,,,8/21/2022,20033.9,,,,,,,,,,,,,,,,,,,,
-0.11,0.3,0,2,,,,,,4.946524064,19.54022989,0,2,6.695717134,,,,8/28/2022,19831.4,,,,,,,,,,,,,,,,,,,,
0.02,0.3,0,5,,,,,,6.684491979,19.54022989,0,5,7.750724943,,,,9/4/2022,21650.4,,,,,,,,,,,,,,,,,,,,
-0.14,0.29,0,2,,,,,,4.545454545,18.3908046,0,2,6.30485034,,,,9/11/2022,20113.5,,,,,,,,,,,,,,,,,,,,
-0.18,0.29,0,0,,,,,,4.010695187,18.3908046,0,0,5.681012211,,,,9/18/2022,18925.2,,,,,,,,,,,,,,,,,,,,
-0.16,0.29,0,1,,,,,,4.278074866,18.3908046,0,1,5.837626784,,,,9/25/2022,19311.9,,,,,,,,,,,,,,,,,,,,
-0.13,0.29,0,1,,,,,,4.679144385,18.3908046,0,1,5.923379923,,,,10/2/2022,19415,,,,,,,,,,,,,,,,,,,,
-0.14,0.3,0,0,,,,,,4.545454545,19.54022989,0,0,6.021421108,,,,10/9/2022,19068.7,,,,,,,,,,,,,,,,,,,,
-0.11,0.31,0,0,,,,,,4.946524064,20.68965517,0,0,6.409044809,,,,10/16/2022,19204.8,,,,,,,,,,,,,,,,,,,,
-0.04,0.31,0,2,,,,,,5.882352941,20.68965517,0,2,7.143734461,,,,10/23/2022,20809.8,,,,,,,,,,,,,,,,,,,,
-0.01,0.32,0,2,,,,,,6.28342246,21.83908046,0,2,7.653172234,,,,10/30/2022,21301.6,,,,,,,,,,,,,,,,,,,,
-0.32,0.32,0,0,,,,,,2.139037433,21.83908046,0,0,5.994529473,,,,11/6/2022,16795.2,,,,,,,,,,,,,,,,,,,,
-0.29,0.32,0,0,,,,,,2.540106952,21.83908046,0,0,6.094796853,,,,11/13/2022,16699.2,,,,,,,,,,,,,,,,,,,,
-0.27,0.32,0,0,,,,,,2.807486631,21.83908046,0,0,6.161641773,,,,11/20/2022,16456.5,,,,,,,,,,,,,,,,,,,,
-0.22,0.32,0,0,,,,,,3.475935829,21.83908046,0,0,6.328754072,,,,11/27/2022,16884.5,,,,,,,,,,,,,,,,,,,,
-0.21,0.33,0,0,,,,,,3.609625668,22.98850575,0,0,6.649532854,,,,12/4/2022,17127.2,,,,,,,,,,,,,,,,,,,,
-0.23,0.33,0,0,,,,,,3.342245989,22.98850575,0,0,6.582687934,,,,12/11/2022,16777.1,,,,,,,,,,,,,,,,,,,,
-0.22,0.33,0,0,,,,,,3.475935829,22.98850575,0,0,6.616110394,,,,12/18/2022,16837.2,,,,,,,,,,,,,,,,,,,,
-0.23,0.33,0,0,,,,,,3.342245989,22.98850575,0,0,6.582687934,,,,12/25/2022,16537.4,,,,,,,,,,,,,,,,,,,,
-0.19,0.33,0,0,,,,,,3.877005348,22.98850575,0,0,6.716377774,,,,1/1/2023,16943.6,,,,,,,,,,,,,,,,,,,,
0.08,0.34,0,0,,,,,,7.486631016,24.13793103,0,0,7.906140513,,,,1/8/2023,20958.2,,,,,,,,,,,,,,,,,,,,
0.21,0.35,0,2,,,,,,9.22459893,25.28735632,0,2,9.164410323,,,,1/15/2023,22775.7,,,,,,,,,,,,,,,,,,,,
0.28,0.36,0,2,,,,,,10.16042781,26.43678161,0,2,9.716525052,,,,1/22/2023,23027.9,,,,,,,,,,,,,,,,,,,,
0.22,0.37,0,2,,,,,,9.35828877,27.5862069,0,2,9.848268383,,,,1/29/2023,23323.8,,,,,,,,,,,,,,,,,,,,
0.14,0.38,0,0,,,,,,8.288770053,28.73563218,0,0,9.323661411,,,,2/5/2023,21859.8,,,,,,,,,,,,,,,,,,,,
0.32,0.38,0,4,,,,,,10.69518717,28.73563218,0,4,10.79601245,,,,2/12/2023,24631.4,,,,,,,,,,,,,,,,,,,,
0.26,0.39,0,2,,,,,,9.893048128,29.88505747,0,2,10.34070082,,,,2/19/2023,23166.1,,,,,,,,,,,,,,,,,,,,
0.18,0.41,0,0,,,,,,8.823529412,32.18390805,0,0,10.32382192,,,,2/26/2023,22347.1,,,,,,,,,,,,,,,,,,,,
0.16,0.42,0,0,,,,,,8.556149733,33.33333333,0,0,10.47237077,,,,3/5/2023,20467.5,,,,,,,,,,,,,,,,,,,,
0.6,0.44,0,6,,,,,,14.43850267,35.63218391,0,6,13.97859157,,,,3/12/2023,26914.1,,,,,,,,,,,,,,,,,,,,
0.58,0.46,25,6,,,,,,14.17112299,37.93103448,25,6,20.86046858,,,,3/19/2023,27475.6,,,,,,,,,,,,,,,,,,,,
0.6,0.48,25,7,,,,,,14.43850267,40.22988506,25,7,21.76044227,,,,3/26/2023,28456.1,,,,,,,,,,,,,,,,,,,,
0.61,0.5,25,6,,,,,,14.57219251,42.52873563,25,6,22.14183811,,,,4/2/2023,27941.2,,,,,,,,,,,,,,,,,,,,
0.74,0.53,25,9,,,,,,16.31016043,45.97701149,25,9,24.13641975,,,,4/9/2023,30299.6,,,,,,,,,,,,,,,,,,,,
0.55,0.55,25,6,,,,,,13.77005348,48.27586207,25,6,23.218408,,,,4/16/2023,27813.9,,,,,,,,,,,,,,,,,,,,
0.67,0.56,25,7,,,,,,15.37433155,49.42528736,25,7,24.30005904,,,,4/23/2023,29234.1,,,,,,,,,,,,,,,,,,,,
0.59,0.58,25,7,,,,,,14.30481283,51.72413793,25,7,24.42716826,,,,4/30/2023,28857.1,,,,,,,,,,,,,,,,,,,,
0.49,0.59,25,4,,,,,,12.96791444,52.87356322,25,4,23.66409588,,,,5/7/2023,26777.5,,,,,,,,,,,,,,,,,,,,
0.47,0.59,25,4,,,,,,12.70053476,52.87356322,25,4,23.64684894,,,,5/14/2023,27116.2,,,,,,,,,,,,,,,,,,,,
0.56,0.6,25,3,,,,,,13.90374332,54.02298851,25,3,24.09702586,,,,5/21/2023,26857.5,,,,,,,,,,,,,,,,,,,,
0.49,0.6,25,4,,,,,,12.96791444,54.02298851,25,4,23.87337347,,,,5/28/2023,27072,,,,,,,,,,,,,,,,,,,,
0.41,0.6,25,2,,,,,,11.89839572,54.02298851,25,2,23.16870249,,,,6/4/2023,25844,,,,,,,,,,,,,,,,,,,,
0.44,0.6,25,2,,,,,,12.29946524,54.02298851,25,2,23.42140089,,,,6/11/2023,26515,,,,,,,,,,,,,,,,,,,,
0.72,0.61,25,7,,,,,,16.04278075,55.17241379,25,7,25.8241785,,,,6/18/2023,30533.6,,,,,,,,,,,,,,,,,,,,
0.73,0.62,25,7,,,,,,16.17647059,56.32183908,25,7,26.10064272,,,,6/25/2023,30586.8,,,,,,,,,,,,,,,,,,,,
0.69,0.62,25,6,,,,,,15.64171123,56.32183908,25,6,25.81574416,,,,7/2/2023,30288.8,,,,,,,,,,,,,,,,,,,,
0.7,0.62,25,6,,,,,,15.77540107,56.32183908,25,6,25.79015902,,,,7/9/2023,30291.4,,,,,,,,,,,,,,,,,,,,
0.68,0.62,25,5,,,,,,15.50802139,56.32183908,25,5,25.51199438,,,,7/16/2023,29788.9,,,,,,,,,,,,,,,,,,,,
0.63,0.61,25,4,,,,,,14.83957219,55.17241379,25,4,24.86792735,,,,7/23/2023,29353.5,,,,,,,,,,,,,,,,,,,,
0.62,0.61,25,4,,,,,,14.70588235,55.17241379,25,4,24.69116956,,,,7/30/2023,29068.1,,,,,,,,,,,,,,,,,,,,
0.63,0.61,25,4,,,,,,14.83957219,55.17241379,25,4,24.77462499,,,,8/6/2023,29428.2,,,,,,,,,,,,,,,,,,,,
0.41,0.61,25,0,,,,,,11.89839572,55.17241379,25,0,23.01770238,,,,8/13/2023,26099.4,,,,,,,,,,,,,,,,,,,,
0.41,0.6,25,0,,,,,,11.89839572,54.02298851,25,0,22.73034606,,,,8/20/2023,26017.1,,,,,,,,,,,,,,,,,,,,
0.4,0.6,25,0,,,,,,11.76470588,54.02298851,25,0,22.6969236,,,,8/27/2023,25869.7,,,,,,,,,,,,,,,,,,,,
0.4,0.59,25,0,,,,,,11.76470588,52.87356322,25,0,22.40956728,,,,9/3/2023,25901.1,,,,,,,,,,,,,,,,,,,,
0.44,0.59,25,0,,,,,,12.29946524,52.87356322,25,0,22.54325711,,,,9/10/2023,26562,,,,,,,,,,,,,,,,,,,,
0.42,0.58,25,0,,,,,,12.03208556,51.72413793,25,0,22.18905587,,,,9/17/2023,26579.2,,,,,,,,,,,,,,,,,,,,
0.54,0.58,25,0,,,,,,13.63636364,51.72413793,25,0,22.59012539,,,,9/24/2023,26962.7,,,,,,,,,,,,,,,,,,,,
0.54,0.58,25,1,,,,,,13.63636364,51.72413793,25,1,22.73461527,,,,10/1/2023,27961.1,,,,,,,,,,,,,,,,,,,,
0.48,0.57,25,0,,,,,,12.8342246,50.57471264,25,0,22.10223431,,,,10/8/2023,26852.8,,,,,,,,,,,,,,,,,,,,
0.68,0.57,25,2,,,,,,15.50802139,50.57471264,25,2,23.36453116,,,,10/15/2023,29912.9,,,,,,,,,,,,,,,,,,,,
0.99,0.56,25,7,,,,,,19.65240642,49.42528736,25,7,25.24290088,,,,10/22/2023,34082.6,,,,,,,,,,,,,,,,,,,,
1.02,0.56,25,8,,,,,,20.05347594,49.42528736,25,8,25.56067305,,,,10/29/2023,35065.8,,,,,,,,,,,,,,,,,,,,
1.14,0.56,25,10,,,,,,21.65775401,49.42528736,25,10,26.48771902,,,,11/5/2023,37150.5,,,,,,,,,,,,,,,,,,,,
1.17,0.55,25,9,,,,,,22.05882353,48.27586207,25,9,26.07315115,,,,11/12/2023,36568.6,,,,,,,,,,,,,,,,,,,,
1.16,0.56,25,10,,,,,,21.92513369,49.42528736,25,10,26.6045986,,,,11/19/2023,37787,,,,,,,,,,,,,,,,,,,,
1.32,0.56,25,12,,,,,,24.06417112,49.42528736,25,12,27.54038554,,,,11/26/2023,39458.4,,,,,,,,,,,,,,,,,,,,
1.56,0.57,50,16,,,,,,27.27272727,50.57471264,50,16,35.99499846,,,,12/3/2023,43718.4,,,,,,,,,,,,,,,,,,,,
1.38,0.57,50,14,,,,,,24.86631016,50.57471264,50,14,34.92322112,,,,12/10/2023,42271.7,,,,,,,,,,,,,,,,,,,,
1.48,0.58,50,16,,,,,,26.20320856,51.72413793,50,16,35.87161233,,,,12/17/2023,43710.4,,,,,,,,,,,,,,,,,,,,
1.41,0.59,50,14,,,,,,25.26737968,52.87356322,50,14,35.42395763,,,,12/24/2023,42136.7,,,,,,,,,,,,,,,,,,,,
1.5,0.6,50,15,,,,,,26.47058824,54.02298851,50,15,36.4433656,,,,12/31/2023,43967.9,,,,,,,,,,,,,,,,,,,,
1.35,0.61,50,14,,,,,,24.46524064,55.17241379,50,14,35.85628841,,,,1/7/2024,42851.3,,,,,,,,,,,,,,,,,,,,
1.3,0.62,25,12,,,,,,23.79679144,56.32183908,25,12,29.34559233,,,,1/14/2024,41695.4,,,,,,,,,,,,,,,,,,,,
1.33,0.62,25,12,,,,,,24.19786096,56.32183908,25,12,29.49365323,,,,1/21/2024,42120.9,,,,,,,,,,,,,,,,,,,,
1.35,0.63,25,13,,,,,,24.46524064,57.47126437,25,13,30.01814409,,,,1/28/2024,43005.7,,,,,,,,,,,,,,,,,,,,
1.72,0.64,50,18,,,,,,29.41176471,58.62068966,50,18,38.99377769,,,,2/4/2024,47758.2,,,,,,,,,,,,,,,,,,,,
1.95,0.65,50,22,,,,,,32.48663102,59.77011494,50,22,41.01132524,,,,2/11/2024,51646,,,,,,,,,,,,,,,,,,,,
1.9,0.65,50,21,,,,,,31.81818182,59.77011494,50,21,40.74787278,,,,2/18/2024,51571.6,,,,,,,,,,,,,,,,,,,,
2.58,0.66,50,32,,,,,,40.90909091,60.91954023,50,32,45.98156806,,,,2/25/2024,61994.5,,,,,,,,,,,,,,,,,,,,
2.88,0.67,50,38,,,,,,44.9197861,62.06896552,50,38,48.8586944,,,,3/3/2024,68366.5,,,,,,,,,,,,,,,,,,,,
2.75,0.68,50,35,,,,,,43.18181818,63.2183908,50,35,47.81923238,,,,3/10/2024,65314.2,,,,,,,,,,,,,,,,,,,,
2.61,0.69,50,33,,,,,,41.31016043,64.36781609,50,33,47.21608331,,,,3/17/2024,64037.8,,,,,,,,,,,,,,,,,,,,
2.81,0.7,50,39,,,,,,43.98395722,65.51724138,50,39,49.53038964,,,,3/24/2024,69611.5,,,,,,,,,,,,,,,,,,,,
2.64,0.71,50,38,,,,,,41.71122995,66.66666667,50,38,48.96952182,,,,3/31/2024,68890.6,,,,,,,,,,,,,,,,,,,,
2.37,0.71,50,32,,,,,,38.10160428,66.66666667,50,32,46.67680455,,,,4/7/2024,63849.9,,,,,,,,,,,,,,,,,,,,
2.3,0.72,50,33,,,,,,37.1657754,67.81609195,50,33,46.92825784,,,,4/14/2024,64961.1,,,,,,,,,,,,,,,,,,,,
2.14,0.72,50,31,,,,,,35.02673797,67.81609195,50,31,45.92165141,,,,4/21/2024,63456.8,,,,,,,,,,,,,,,,,,,,
2.2,0.72,50,31,,,,,,35.82887701,67.81609195,50,31,46.14619591,,,,4/28/2024,63888.3,,,,,,,,,,,,,,,,,,,,
2.01,0.73,50,27,,,,,,33.28877005,68.96551724,50,27,44.93703675,,,,5/5/2024,60826.6,,,,,,,,,,,,,,,,,,,,
2.28,0.73,50,33,,,,,,36.89839572,68.96551724,50,33,47.2939829,,,,5/12/2024,66917.5,,,,,,,,,,,,,,,,,,,,
2.39,0.73,50,35,,,,,,38.36898396,68.96551724,50,35,48.16830599,,,,5/19/2024,69284.4,,,,,,,,,,,,,,,,,,,,
2.29,0.74,50,33,,,,,,37.03208556,70.11494253,50,33,47.64988179,,,,5/26/2024,67760.8,,,,,,,,,,,,,,,,,,,,
2.37,0.74,50,35,,,,,,38.10160428,70.11494253,50,35,48.2152583,,,,6/2/2024,69310.1,,,,,,,,,,,,,,,,,,,,
2.16,0.73,50,31,,,,,,35.29411765,68.96551724,50,31,46.36997746,,,,6/9/2024,66223,,,,,,,,,,,,,,,,,,,,
1.94,0.72,50,29,,,,,,32.35294118,67.81609195,50,29,44.77601912,,,,6/16/2024,64261,,,,,,,,,,,,,,,,,,,,
1.9,0.71,50,25,,,,,,31.81818182,66.66666667,50,25,43.46128546,,,,6/23/2024,60973.4,,,,,,,,,,,,,,,,,,,,
1.48,0.7,50,22,,,,,,26.20320856,65.51724138,50,22,41.02394936,,,,6/30/2024,58259.2,,,,,,,,,,,,,,,,,,,,
1.76,0.68,50,23,,,,,,29.94652406,63.2183908,50,23,41.54015816,,,,7/7/2024,59209.8,,,,,,,,,,,,,,,,,,,,
2.15,0.67,50,30,,,,,,35.16042781,62.06896552,50,30,44.41115092,,,,7/14/2024,67148.5,,,,,,,,,,,,,,,,,,,,
2.14,0.66,50,31,,,,,,35.02673797,60.91954023,50,31,44.17365257,,,,7/21/2024,67843.1,,,,,,,,,,,,,,,,,,,,
1.54,0.65,50,24,,,,,,27.00534759,59.77011494,50,24,40.06926508,,,,7/28/2024,60696.7,,,,,,,,,,,,,,,,,,,,
1.58,0.63,50,23,,,,,,27.54010695,57.47126437,50,23,39.60641686,,,,8/4/2024,60931.7,,,,,,,,,,,,,,,,,,,,
1.57,0.62,50,22,,,,,,27.40641711,56.32183908,50,22,38.86018011,,,,8/11/2024,59483.1,,,,,,,,,,,,,,,,,,,,
1.87,0.61,50,26,,,,,,31.4171123,55.17241379,50,26,40.61521068,,,,8/18/2024,64159.3,,,,,,,,,,,,,,,,,,,,
1.46,0.6,50,21,,,,,,25.93582888,54.02298851,50,21,37.6448982,,,,8/25/2024,58978.6,,,,,,,,,,,,,,,,,,,,
1.33,0.59,50,16,,,,,,24.19786096,52.87356322,50,16,35.70525326,,,,9/1/2024,54156.5,,,,,,,,,,,,,,,,,,,,
1.56,0.58,50,21,,,,,,27.27272727,51.72413793,50,21,37.49347143,,,,9/8/2024,59995.4,,,,,,,,,,,,,,,,,,,,
1.79,0.57,50,24,,,,,,30.34759358,50.57471264,50,24,38.68691955,,,,9/15/2024,63348.1,,,,,,,,,,,,,,,,,,,,
1.88,0.56,50,26,,,,,,31.55080214,49.42528736,50,26,39.21131152,,,,9/22/2024,65866.5,,,,,,,,,,,,,,,,,,,,
1.72,0.55,50,22,,,,,,29.41176471,48.27586207,50,22,37.42107976,,,,9/29/2024,62061.4,,,,,,,,,,,,,,,,,,,,
1.68,0.54,50,23,,,,,,28.87700535,47.12643678,50,23,37.18881737,,,,10/6/2024,63205.1,,,,,,,,,,,,,,,,,,,,
2,0.54,50,27,,,,,,33.15508021,47.12643678,50,27,39.37647939,,,,10/13/2024,68372,,,,,,,,,,,,,,,,,,,,
1.92,0.54,50,26,,,,,,32.0855615,47.12643678,50,26,38.73084365,,,,10/20/2024,67086.8,,,,,,,,,,,,,,,,,,,,
2.16,0.54,50,30,,,,,,35.29411765,47.12643678,50,30,40.5511009,,,,10/27/2024,71870.4,,,,,,,,,,,,,,,,,,,,
2.53,0.54,50,34,,,,,,40.24064171,47.12643678,50,34,42.80828133,,,,11/3/2024,76700,,,,,,,,,,,,,,,,,,,,
2.94,0.54,50,46,,,,,,45.72192513,47.12643678,50,46,47.24440339,,,,11/10/2024,90539,,,,,,,,,,,,,,,,,,,,
3.23,0.55,50,52,,,,,,49.59893048,48.27586207,50,52,50.02670099,,,,11/17/2024,97699,,,,,,,,,,,,,,,,,,,,
3.11,0.56,50,51,,,,,,47.99465241,49.42528736,50,51,49.5145967,,,,11/24/2024,96405,,,,,,,,,,,,,,,,,,,,
3.08,0.57,50,51,,,,,,47.59358289,50.57471264,50,51,49.70816507,,,,12/1/2024,96896,,,,,,,,,,,,,,,,,,,,
3.07,0.57,50,54,,,,,,47.45989305,50.57471264,50,54,50.51831416,,,,12/8/2024,101118,,,,,,,,,,,,,,,,,,,,
2.54,0.58,50,57,,,,,,40.37433155,51.72413793,50,57,49.67791312,,,,12/15/2024,104476,,,,,,,,,,,,,,,,,,,,
2.42,0.59,50,48,,,,,,38.77005348,52.87356322,50,48,47.36579693,,,,12/22/2024,95100,,,,,,,,,,,,,,,,,,,,
2.58,0.6,50,46,,,,,,40.90909091,54.02298851,50,46,47.74569528,,,,12/29/2024,93564,,,,,,,,,,,,,,,,,,,,
2.67,0.6,50,50,,,,,,42.11229947,54.02298851,50,50,49.03292272,,,,1/5/2025,98276,,,,,,,,,,,,,,,,,,,,
2.9,0.61,50,55,,,,,,45.18716578,55.17241379,50,55,51.25788481,,,,1/12/2025,104536,,,,,,,,,,,,,,,,,,,,
2.88,0.62,50,51,,,,,,44.9197861,56.32183908,50,51,50.47576656,,,,1/19/2025,104742,,,,,,,,,,,,,,,,,,,,
2.59,0.63,50,47,,,,,,41.04278075,57.47126437,50,47,48.77507175,,,,1/26/2025,100648,,,,,,,,,,,,,,,,,,,,
2.5,0.64,50,47,,,,,,39.83957219,58.62068966,50,47,48.90601357,,,,2/2/2025,96447,,,,,,,,,,,,,,,,,,,,
2.53,0.64,50,46,,,,,,40.24064171,58.62068966,50,46,48.8003285,,,,2/9/2025,97573,,,,,,,,,,,,,,,,,,,,
2.52,0.64,50,46,,,,,,40.10695187,58.62068966,50,46,48.68191038,,,,2/16/2025,97085,,,,,,,,,,,,,,,,,,,,
2.52,0.64,50,46,,,,,,40.10695187,58.62068966,50,46,48.63191038,,,,2/23/2025,94322,,,,,,,,,,,,,,,,,,,,
2.34,0.65,50,44,,,,,,37.70053476,59.77011494,50,44,47.75789546,,,,3/2/2025,80760,,,,,,,,,,,,,,,,,,,,
1.7,0.64,50,32,,,,,,29.14438503,58.62068966,50,32,42.32422869,,,,3/9/2025,82619,,,,,,,,,,,,,,,,,,,,
1.77,0.64,50,33,,,,,,30.0802139,58.62068966,50,33,42.86974198,,,,3/16/2025,86130,,,,,,,,,,,,,,,,,,,,
1.92,0.63,50,35,,,,,,32.0855615,57.47126437,50,35,43.74454952,,,,3/23/2025,82404,,,,,,,,,,,,,,,,,,,,
1.73,0.62,50,32,,,,,,29.54545455,56.32183908,50,32,41.9419891,,,,3/30/2025,80760,,,,,,,,,,,,,,,,,,,,
1.54,0.61,50,30,,,,,,27.00534759,55.17241379,50,30,40.58580465,,,,4/6/2025,83710,,,,,,,,,,,,,,,,,,,,
1.77,0.6,50,32,,,,,,30.0802139,54.02298851,50,32,41.60401478,,,,4/13/2025,85136,,,,,,,,,,,,,,,,,,,,
1.83,0.59,50,33,,,,,,30.88235294,52.87356322,50,33,41.72993246,,,,4/20/2025,93787,,,,,,,,,,,,,,,,,,,,
2.17,0.59,50,40,,,,,,35.42780749,52.87356322,50,40,44.58805471,,,,4/27/2025,94398,,,,,,,,,,,,,,,,,,,,
2.17,0.58,50,40,,,,,,35.42780749,51.72413793,50,40,44.3343919,,,,5/4/2025,94055,,,,,,,,,,,,,,,,,,,,
2.17,0.58,50,40,,,,,,,,,,,,,,,,,,,,,,,,,,,,,,,,,,,
